c_id,a_date,note,u_id,comment
285,1/12/2022,1,917,ipsum primis in faucibus orci luctus
109,10/11/2022,2,69,ut tellus nulla ut erat id mauris vulputate elementum nullam varius nulla
148,26/12/2022,2,583,ac enim in tempor turpis nec euismod scelerisque quam turpis adipiscing lorem vitae
429,3/8/2022,5,931,a suscipit nulla elit ac nulla sed vel enim sit amet nunc viverra dapibus nulla suscipit ligula in
259,13/3/2023,3,163,commodo placerat praesent blandit nam nulla integer pede justo lacinia eget tincidunt eget tempus vel
126,19/2/2023,3,924,phasellus sit amet erat nulla
169,28/12/2022,1,739,lacinia eget tincidunt eget tempus vel pede morbi porttitor lorem id ligula suspendisse ornare consequat lectus in est
169,20/11/2022,1,553,viverra eget congue eget semper rutrum nulla nunc purus phasellus in felis donec semper
282,11/10/2022,4,952,rhoncus dui vel sem sed sagittis nam congue
100,31/1/2023,3,703,vulputate nonummy maecenas tincidunt lacus at velit vivamus vel nulla eget eros elementum pellentesque quisque
492,1/1/2023,3,57,tristique in tempus sit amet sem fusce consequat nulla nisl nunc nisl duis bibendum felis sed interdum venenatis turpis enim
194,29/8/2022,3,45,aliquam sit amet diam in magna bibendum imperdiet nullam orci pede venenatis non sodales
110,13/5/2023,3,460,turpis eget elit sodales scelerisque mauris
489,10/9/2022,5,760,ultricies eu nibh quisque id justo sit amet sapien dignissim vestibulum vestibulum ante ipsum primis in faucibus orci luctus et
421,25/9/2022,3,360,eu mi nulla ac enim in tempor turpis nec euismod scelerisque quam turpis adipiscing
400,13/11/2022,4,251,rutrum rutrum neque aenean auctor gravida sem praesent id massa id nisl venenatis lacinia aenean sit amet justo morbi
352,30/10/2022,4,572,ridiculus mus vivamus vestibulum sagittis sapien cum sociis natoque penatibus et magnis dis parturient montes nascetur ridiculus mus etiam vel
390,26/11/2022,5,47,eu mi nulla
276,5/1/2023,3,888,nulla elit ac nulla sed
266,17/12/2022,1,232,et commodo vulputate justo in blandit ultrices enim lorem ipsum
373,16/5/2023,3,300,eget eros elementum pellentesque quisque porta
4,30/11/2022,4,40,ultrices posuere
457,5/9/2022,4,625,nulla tellus in sagittis dui vel nisl duis ac nibh fusce lacus purus aliquet at feugiat
353,21/7/2022,1,84,sit amet sapien dignissim vestibulum vestibulum ante ipsum primis in faucibus orci luctus
214,7/10/2022,2,307,sem praesent id
122,27/10/2022,5,175,luctus et ultrices posuere cubilia curae duis faucibus accumsan odio
426,28/2/2023,2,236,pellentesque eget nunc donec quis
15,17/11/2022,4,337,morbi non quam nec dui luctus rutrum nulla tellus in sagittis dui vel nisl duis ac nibh fusce
236,8/5/2023,5,537,molestie sed justo pellentesque viverra pede ac diam cras pellentesque volutpat dui maecenas tristique est
400,4/5/2023,3,88,convallis duis consequat dui nec nisi volutpat eleifend donec ut dolor morbi vel lectus in quam fringilla rhoncus mauris
361,21/2/2023,4,424,rhoncus sed vestibulum
157,3/2/2023,1,619,risus dapibus augue vel accumsan tellus nisi eu orci mauris lacinia sapien quis libero nullam sit amet turpis elementum ligula
276,19/9/2022,5,202,tempus vivamus in felis eu sapien cursus vestibulum proin eu
35,4/2/2023,3,228,ultricies eu nibh quisque id justo sit
316,29/5/2022,5,899,vivamus vestibulum sagittis sapien
482,27/9/2022,3,673,praesent id massa id nisl venenatis lacinia aenean sit amet justo morbi ut odio cras mi pede
176,30/7/2022,2,894,venenatis lacinia aenean sit amet justo morbi ut odio cras mi pede malesuada
188,16/8/2022,3,204,justo in blandit ultrices enim lorem ipsum dolor sit amet consectetuer adipiscing elit proin
478,2/3/2023,2,975,tincidunt in leo maecenas pulvinar lobortis est phasellus sit amet erat nulla tempus vivamus in felis eu sapien cursus vestibulum
391,6/2/2023,5,565,in leo maecenas pulvinar lobortis est phasellus
30,31/8/2022,2,453,luctus et ultrices posuere cubilia curae nulla dapibus dolor vel est donec odio justo sollicitudin ut suscipit a feugiat et
18,24/3/2023,1,767,integer a nibh in quis justo maecenas rhoncus aliquam
424,23/8/2022,5,945,sapien arcu sed augue
51,24/8/2022,2,241,luctus et ultrices posuere cubilia curae duis faucibus accumsan odio curabitur convallis duis consequat dui nec
437,29/8/2022,3,459,id massa id nisl venenatis lacinia aenean sit amet justo morbi ut odio cras mi pede malesuada in imperdiet et
400,23/3/2023,4,722,in ante vestibulum ante ipsum primis in faucibus orci luctus et ultrices posuere cubilia
34,2/7/2022,5,647,sit amet justo
258,26/7/2022,5,335,proin eu mi nulla ac enim in tempor turpis
2,3/10/2022,2,352,suscipit ligula in lacus curabitur at ipsum ac tellus semper interdum mauris
376,27/4/2023,5,782,ornare imperdiet sapien urna pretium nisl ut volutpat
457,9/8/2022,2,156,ut erat id mauris vulputate elementum
179,3/6/2022,2,857,quisque arcu libero rutrum ac lobortis vel dapibus at diam nam tristique tortor eu pede
19,10/1/2023,2,921,sit amet nunc viverra
159,4/12/2022,3,995,at feugiat non pretium quis lectus suspendisse potenti in eleifend quam a odio
76,3/6/2022,4,13,lacinia sapien quis libero nullam sit amet turpis elementum ligula vehicula consequat morbi a ipsum integer a nibh in
58,13/7/2022,2,266,ligula suspendisse ornare consequat lectus in est risus auctor sed tristique in tempus sit amet sem fusce
270,19/11/2022,1,205,morbi ut odio cras mi pede malesuada in imperdiet et commodo vulputate justo
2,9/2/2023,2,784,quam sapien varius ut blandit non interdum in ante vestibulum ante ipsum
44,6/5/2023,3,961,morbi vel lectus in quam
41,11/3/2023,5,339,porttitor pede justo eu
435,10/12/2022,5,479,curabitur gravida
57,22/10/2022,1,447,velit nec nisi
419,16/12/2022,5,353,dapibus augue vel accumsan tellus nisi eu orci mauris lacinia sapien quis libero nullam sit amet turpis elementum
234,16/5/2023,4,619,non mi integer ac neque duis bibendum morbi non quam nec dui luctus rutrum nulla tellus in
189,17/4/2023,4,669,fusce posuere felis sed lacus morbi sem mauris laoreet ut rhoncus aliquet pulvinar sed nisl
463,26/1/2023,5,137,integer a nibh in quis justo maecenas rhoncus aliquam lacus morbi
499,27/2/2023,3,252,sit amet diam in magna bibendum imperdiet nullam orci pede venenatis non sodales sed tincidunt eu
429,28/1/2023,5,266,volutpat dui maecenas tristique est et tempus semper est quam pharetra magna ac consequat metus sapien ut nunc vestibulum ante
89,1/12/2022,4,813,id massa id nisl
281,11/1/2023,1,113,in faucibus orci luctus et ultrices posuere cubilia curae
54,2/7/2022,1,527,sapien non mi integer ac neque duis bibendum morbi non quam nec dui luctus rutrum nulla tellus in
474,10/5/2023,1,593,feugiat et eros vestibulum ac est lacinia nisi
196,1/3/2023,1,462,odio condimentum id luctus nec molestie sed justo pellentesque viverra pede ac diam cras pellentesque volutpat
357,18/3/2023,5,103,nulla tempus vivamus in felis eu sapien cursus vestibulum proin eu mi nulla ac enim in tempor
24,29/4/2023,1,468,mauris eget massa tempor convallis nulla neque libero convallis eget eleifend
337,17/8/2022,4,355,mattis egestas metus aenean fermentum
457,1/6/2022,2,855,velit nec nisi vulputate nonummy maecenas tincidunt lacus at velit vivamus vel nulla eget eros elementum pellentesque quisque porta volutpat
138,13/4/2023,5,963,enim leo rhoncus sed vestibulum sit amet cursus id turpis
53,9/12/2022,5,10,interdum in ante vestibulum ante ipsum primis in faucibus orci luctus et ultrices posuere cubilia curae duis faucibus accumsan
373,23/7/2022,3,26,luctus et ultrices posuere cubilia curae donec pharetra magna vestibulum aliquet ultrices erat tortor
304,19/12/2022,5,335,cras pellentesque volutpat dui maecenas tristique est et tempus semper est quam pharetra
54,6/6/2022,2,114,mauris ullamcorper purus sit amet nulla quisque arcu
189,31/3/2023,4,209,vestibulum sagittis sapien cum sociis natoque penatibus et
157,27/5/2022,4,149,lectus vestibulum quam sapien
496,2/10/2022,1,217,ipsum primis
175,9/9/2022,3,632,a ipsum integer a nibh in quis justo maecenas rhoncus aliquam lacus morbi quis tortor id nulla ultrices aliquet
400,3/8/2022,4,63,vivamus vestibulum sagittis sapien cum sociis natoque penatibus et magnis dis parturient montes nascetur ridiculus mus
227,15/9/2022,5,641,erat vestibulum sed magna at nunc commodo placerat praesent blandit nam nulla
271,19/2/2023,5,961,quis odio consequat varius integer ac leo pellentesque ultrices mattis
468,31/10/2022,2,534,magna ac consequat metus sapien ut nunc vestibulum ante
455,17/12/2022,5,601,felis sed interdum venenatis turpis enim blandit mi in porttitor pede justo
272,20/11/2022,4,169,magnis dis parturient montes nascetur ridiculus mus vivamus vestibulum
218,2/7/2022,4,555,augue quam sollicitudin vitae consectetuer eget rutrum at lorem integer tincidunt ante vel ipsum praesent blandit lacinia erat
349,23/9/2022,5,669,eget semper rutrum
483,22/6/2022,1,928,libero nullam sit amet turpis elementum ligula vehicula
359,31/5/2022,2,130,tortor risus dapibus augue
155,28/3/2023,1,660,magnis dis parturient montes nascetur ridiculus
132,13/10/2022,3,550,vestibulum sit amet cursus id turpis integer aliquet massa id lobortis convallis tortor risus dapibus
414,14/9/2022,1,276,sapien dignissim vestibulum vestibulum ante ipsum primis in faucibus orci luctus et
14,4/2/2023,1,433,augue a suscipit nulla elit ac nulla sed vel enim sit amet nunc viverra dapibus nulla suscipit ligula
381,19/6/2022,1,316,volutpat convallis morbi odio odio elementum eu interdum eu tincidunt in leo maecenas pulvinar lobortis est phasellus sit amet
498,19/9/2022,4,398,faucibus orci luctus et ultrices posuere
394,13/2/2023,3,292,sed nisl nunc rhoncus dui vel sem sed sagittis nam congue risus semper
196,21/7/2022,4,607,non pretium quis lectus
85,12/4/2023,2,637,lectus pellentesque eget
472,11/2/2023,1,433,viverra pede ac diam cras pellentesque volutpat dui maecenas tristique est et tempus
119,22/5/2022,3,993,amet consectetuer adipiscing elit proin interdum mauris non ligula pellentesque ultrices phasellus id sapien in sapien iaculis
172,29/7/2022,1,250,nulla sed vel enim sit amet nunc viverra dapibus nulla suscipit ligula in lacus curabitur at ipsum
235,27/10/2022,2,133,condimentum id luctus nec molestie sed justo pellentesque viverra pede ac diam cras pellentesque
447,11/11/2022,1,978,velit vivamus vel nulla eget eros elementum pellentesque quisque porta volutpat erat quisque erat eros viverra eget
308,17/11/2022,1,317,sagittis dui vel nisl duis ac nibh fusce lacus purus aliquet at
212,21/11/2022,3,776,nisi venenatis tristique fusce congue diam id ornare imperdiet sapien
110,16/1/2023,4,96,sem praesent id massa id nisl venenatis lacinia aenean sit amet justo morbi ut odio cras mi pede malesuada
288,28/4/2023,5,556,consequat lectus in est risus auctor sed tristique in tempus sit amet sem fusce consequat nulla
425,11/1/2023,4,36,ac nulla sed vel enim sit amet nunc viverra dapibus
391,29/1/2023,1,755,mollis molestie lorem
247,18/9/2022,3,52,tempor turpis nec euismod scelerisque
355,2/8/2022,2,454,id justo sit amet sapien dignissim vestibulum vestibulum ante ipsum primis in faucibus orci luctus et ultrices posuere cubilia curae
315,30/6/2022,3,813,venenatis tristique fusce
462,25/3/2023,4,354,mattis nibh ligula nec sem duis aliquam convallis
80,30/4/2023,5,397,odio in hac habitasse platea dictumst maecenas ut massa quis augue luctus tincidunt nulla mollis molestie lorem quisque ut erat
451,16/3/2023,1,271,tincidunt eget tempus vel pede morbi porttitor lorem id ligula suspendisse ornare consequat lectus in est risus auctor sed
453,28/12/2022,1,335,commodo placerat praesent blandit nam nulla integer pede justo lacinia eget tincidunt eget tempus vel pede morbi porttitor lorem id
73,6/12/2022,4,973,consectetuer adipiscing elit proin risus praesent lectus vestibulum quam sapien varius ut blandit non interdum in ante vestibulum
288,12/2/2023,5,439,gravida sem
218,25/3/2023,2,298,ligula pellentesque ultrices phasellus id sapien in sapien iaculis congue vivamus metus arcu adipiscing molestie
62,8/6/2022,1,2,sapien cursus vestibulum proin eu
120,6/8/2022,5,836,velit donec diam neque vestibulum eget vulputate ut ultrices vel augue vestibulum ante ipsum primis in faucibus
401,6/1/2023,4,201,leo odio condimentum id luctus nec molestie sed justo pellentesque viverra pede ac diam cras pellentesque volutpat dui maecenas tristique
227,9/12/2022,2,897,nibh quisque id
65,15/4/2023,5,35,eget eros elementum pellentesque quisque porta
496,3/10/2022,3,349,amet lobortis sapien sapien non mi integer ac neque duis bibendum morbi non quam nec dui luctus rutrum nulla
38,12/4/2023,4,375,rutrum at lorem integer tincidunt ante vel ipsum praesent blandit lacinia erat vestibulum sed magna at nunc
301,19/11/2022,4,325,in hac habitasse platea dictumst etiam faucibus cursus urna
170,2/10/2022,3,939,fusce consequat nulla nisl nunc nisl duis
460,25/8/2022,1,172,cubilia curae
369,4/8/2022,2,816,pulvinar sed nisl nunc rhoncus dui
336,28/7/2022,4,132,ante ipsum primis in faucibus orci luctus et ultrices posuere cubilia
234,18/6/2022,4,96,morbi vel lectus in quam fringilla rhoncus mauris enim leo rhoncus sed
214,15/12/2022,4,2,vestibulum ante ipsum primis in faucibus orci luctus et ultrices posuere cubilia curae nulla dapibus dolor vel est donec
374,4/1/2023,1,21,convallis morbi odio odio elementum eu interdum eu tincidunt in leo maecenas pulvinar lobortis est phasellus sit amet
364,26/12/2022,1,715,ut nunc vestibulum ante ipsum primis in faucibus orci luctus et ultrices
343,22/1/2023,2,193,lacinia nisi venenatis tristique fusce congue diam
117,1/6/2022,3,839,elementum nullam varius nulla facilisi cras non velit
304,23/6/2022,2,441,molestie nibh in lectus pellentesque at nulla suspendisse potenti cras in purus eu magna vulputate luctus
326,13/4/2023,3,463,id pretium iaculis diam erat fermentum justo nec condimentum neque sapien
306,29/1/2023,1,605,nunc viverra dapibus nulla suscipit ligula in lacus curabitur at ipsum ac tellus
486,29/7/2022,1,201,nisl nunc nisl duis bibendum felis sed interdum venenatis turpis enim blandit
88,21/4/2023,2,361,dolor sit amet consectetuer adipiscing elit proin risus praesent lectus vestibulum quam sapien varius ut blandit non interdum in
41,13/7/2022,3,479,sapien ut nunc vestibulum ante ipsum primis
271,30/11/2022,3,111,id ligula suspendisse ornare consequat lectus in
21,30/4/2023,2,813,ultrices erat tortor sollicitudin mi sit
81,3/7/2022,1,823,diam id ornare imperdiet sapien
479,7/1/2023,2,105,et ultrices posuere cubilia curae nulla dapibus dolor vel est donec odio justo sollicitudin ut suscipit
36,12/3/2023,1,340,vel ipsum praesent blandit lacinia erat vestibulum sed magna at nunc commodo placerat praesent blandit nam nulla integer pede justo
372,14/4/2023,2,205,pulvinar nulla pede ullamcorper augue a suscipit nulla elit
242,24/9/2022,2,404,donec ut mauris eget massa tempor convallis nulla neque libero convallis eget eleifend luctus ultricies eu nibh quisque
386,30/6/2022,4,722,sit amet sem fusce consequat nulla nisl nunc nisl duis bibendum felis sed interdum
465,16/9/2022,2,204,donec pharetra magna vestibulum aliquet ultrices erat tortor sollicitudin mi sit amet lobortis sapien sapien non mi
405,25/10/2022,2,618,augue luctus tincidunt nulla mollis molestie lorem quisque
166,6/12/2022,2,4,augue quam sollicitudin vitae consectetuer eget rutrum at lorem integer tincidunt ante vel
289,10/3/2023,2,545,morbi vel lectus in quam fringilla rhoncus mauris enim leo rhoncus sed vestibulum sit amet cursus id
171,3/6/2022,2,148,nulla elit ac nulla sed vel enim
19,15/10/2022,2,521,ridiculus mus
319,20/3/2023,3,4,aliquam quis turpis eget elit sodales scelerisque mauris sit amet eros suspendisse accumsan tortor quis
438,30/10/2022,5,842,amet eleifend pede libero quis orci nullam molestie nibh in lectus pellentesque at
115,24/12/2022,2,384,quisque arcu libero rutrum ac lobortis
122,8/4/2023,4,3,primis in faucibus orci luctus et ultrices posuere cubilia curae nulla dapibus dolor vel est donec odio
273,23/11/2022,3,807,sit amet cursus
375,11/8/2022,3,68,habitasse platea dictumst etiam faucibus cursus urna ut tellus nulla ut erat id mauris vulputate elementum
292,16/11/2022,2,334,convallis nunc proin at turpis a pede posuere nonummy integer non velit donec
281,5/11/2022,5,919,non mi integer ac neque duis bibendum morbi non quam nec dui luctus rutrum nulla tellus in sagittis dui vel
202,14/3/2023,1,1,quisque arcu libero rutrum ac lobortis
193,28/4/2023,1,191,vestibulum velit id pretium iaculis diam erat fermentum justo nec condimentum neque sapien placerat ante nulla justo aliquam quis turpis
75,5/5/2023,3,721,at feugiat non pretium quis lectus
139,31/5/2022,4,93,quis tortor id nulla ultrices aliquet
459,6/5/2023,1,625,etiam vel augue vestibulum rutrum rutrum neque aenean auctor gravida sem praesent id
47,10/3/2023,4,250,orci eget orci vehicula condimentum curabitur in libero ut massa volutpat convallis morbi odio
310,1/11/2022,2,409,nullam molestie nibh
310,6/12/2022,5,913,luctus nec molestie sed justo pellentesque viverra pede ac diam cras pellentesque volutpat dui maecenas tristique est et
127,7/10/2022,5,411,in libero ut massa volutpat convallis morbi odio odio elementum eu
253,2/3/2023,3,216,id nulla ultrices aliquet
135,4/10/2022,2,911,hac habitasse platea dictumst morbi vestibulum velit id pretium iaculis diam erat fermentum justo nec condimentum neque sapien
175,5/11/2022,4,354,nec molestie sed justo pellentesque viverra pede ac diam cras
287,6/9/2022,1,258,aliquet ultrices erat tortor sollicitudin mi sit amet lobortis sapien sapien non
422,10/3/2023,5,939,a odio in hac habitasse platea dictumst maecenas ut massa quis augue
145,26/10/2022,4,677,congue eget semper rutrum
66,17/11/2022,4,593,semper interdum mauris ullamcorper purus sit
295,16/4/2023,3,629,volutpat in congue etiam justo etiam pretium iaculis justo in hac habitasse platea
396,19/11/2022,3,312,consequat nulla nisl nunc nisl duis bibendum felis sed interdum venenatis turpis enim
254,1/5/2023,3,138,tortor duis
476,25/12/2022,3,749,mauris ullamcorper purus sit amet nulla quisque arcu libero rutrum ac lobortis
10,23/5/2022,3,744,est et tempus semper est quam pharetra magna ac
121,30/6/2022,1,122,ac neque duis bibendum morbi non quam nec dui luctus rutrum nulla tellus
139,22/8/2022,1,237,pharetra magna ac consequat metus sapien ut nunc vestibulum ante ipsum primis in faucibus orci luctus et ultrices posuere
378,21/6/2022,3,890,scelerisque mauris sit amet eros suspendisse accumsan tortor quis turpis sed ante vivamus tortor duis mattis egestas metus
275,13/8/2022,3,333,odio in hac habitasse platea
344,4/8/2022,3,202,nisi vulputate nonummy maecenas tincidunt lacus at velit vivamus vel nulla eget eros elementum pellentesque quisque porta volutpat
63,18/9/2022,5,969,diam neque vestibulum eget vulputate ut ultrices vel augue vestibulum ante ipsum primis in faucibus orci luctus et ultrices posuere
340,29/12/2022,2,755,lorem integer tincidunt ante vel ipsum praesent blandit lacinia erat vestibulum sed magna at
499,24/6/2022,2,438,id nisl venenatis lacinia aenean sit amet justo morbi ut odio cras mi pede malesuada in imperdiet
80,6/3/2023,1,974,justo in hac habitasse platea dictumst etiam faucibus cursus urna ut tellus nulla ut erat
293,8/5/2023,3,216,sapien non mi integer ac neque duis bibendum morbi
325,24/8/2022,3,711,integer ac leo pellentesque ultrices mattis odio donec vitae nisi nam ultrices libero non mattis pulvinar nulla pede ullamcorper augue
493,28/5/2022,4,941,nulla ultrices
244,9/10/2022,2,708,eros suspendisse accumsan tortor quis turpis sed ante
468,23/10/2022,2,948,ac nulla sed vel enim sit amet nunc viverra dapibus nulla suscipit ligula in
171,26/6/2022,1,128,sit amet justo morbi ut odio cras mi pede malesuada in imperdiet et commodo vulputate justo
327,30/9/2022,5,4,nisl duis ac nibh fusce lacus
35,28/6/2022,4,5,justo aliquam quis turpis eget elit
216,26/9/2022,5,823,lacus morbi quis tortor id nulla ultrices aliquet maecenas leo
216,28/1/2023,5,328,elit ac nulla sed vel enim sit amet nunc viverra dapibus nulla suscipit ligula in lacus curabitur at ipsum ac
241,7/11/2022,5,428,duis mattis egestas metus aenean fermentum donec ut mauris eget massa tempor convallis nulla neque libero
473,22/8/2022,2,836,vel nulla eget eros elementum pellentesque quisque porta volutpat erat quisque erat eros viverra eget congue
297,30/12/2022,4,117,proin leo odio porttitor id consequat in consequat ut nulla sed accumsan felis ut at dolor quis odio consequat varius
442,30/12/2022,4,878,fusce congue diam id ornare imperdiet sapien urna pretium
344,29/5/2022,2,783,in blandit ultrices enim lorem ipsum dolor sit amet consectetuer adipiscing elit proin interdum mauris non ligula pellentesque ultrices phasellus
101,9/8/2022,3,885,vulputate ut ultrices vel augue vestibulum ante ipsum primis in faucibus orci luctus et ultrices
222,19/2/2023,5,497,velit vivamus vel nulla eget eros
22,6/3/2023,5,689,ligula pellentesque ultrices phasellus id sapien in
86,8/7/2022,1,592,eu felis fusce posuere felis sed lacus morbi sem mauris laoreet ut rhoncus aliquet pulvinar
296,23/9/2022,5,454,aliquet massa id lobortis convallis tortor risus dapibus augue vel accumsan tellus
481,15/2/2023,4,786,vestibulum proin eu mi nulla ac enim in tempor turpis nec euismod scelerisque quam turpis
17,26/4/2023,5,702,tincidunt lacus at velit vivamus vel nulla eget eros elementum pellentesque quisque porta volutpat erat quisque
291,27/5/2022,4,281,pharetra magna ac consequat metus sapien ut nunc vestibulum ante ipsum primis in faucibus orci luctus et
224,23/2/2023,5,991,amet turpis
451,17/10/2022,1,388,augue vel
480,3/12/2022,3,711,blandit lacinia
318,11/11/2022,1,646,arcu sed augue aliquam erat volutpat in congue
9,23/10/2022,1,294,augue vestibulum rutrum rutrum neque aenean auctor gravida sem praesent id massa id nisl venenatis
234,13/12/2022,3,807,at turpis a pede posuere nonummy integer non velit donec
382,4/8/2022,5,496,lectus pellentesque at nulla suspendisse potenti cras in purus eu magna vulputate
357,24/7/2022,5,810,nibh quisque id justo sit amet sapien dignissim vestibulum vestibulum ante ipsum primis in faucibus orci
231,19/11/2022,5,390,odio donec
35,4/3/2023,5,925,porta volutpat quam pede lobortis ligula sit amet
212,21/5/2023,5,301,dolor vel est donec odio justo sollicitudin ut suscipit a feugiat et eros vestibulum ac est lacinia nisi venenatis
21,30/4/2023,1,11,volutpat eleifend donec ut dolor morbi vel lectus in quam fringilla rhoncus mauris enim leo rhoncus sed vestibulum sit
91,5/1/2023,3,215,pretium quis
357,16/7/2022,1,554,in magna bibendum
281,18/2/2023,3,293,at nunc commodo placerat praesent blandit nam nulla integer pede justo lacinia eget
401,24/12/2022,2,818,lorem ipsum dolor sit amet
443,28/1/2023,5,474,enim lorem ipsum dolor sit amet consectetuer adipiscing elit proin interdum mauris non ligula pellentesque ultrices phasellus id
168,25/1/2023,2,4,felis donec semper sapien a libero nam dui proin leo odio porttitor
63,5/9/2022,2,955,leo maecenas pulvinar lobortis est phasellus sit amet erat nulla tempus vivamus
160,12/5/2023,5,210,eget semper rutrum nulla nunc purus phasellus in felis donec semper
68,12/8/2022,1,341,tempor convallis nulla
337,25/11/2022,2,767,eleifend quam a odio in hac habitasse platea dictumst maecenas ut massa quis augue luctus tincidunt
439,20/9/2022,1,513,nisi volutpat eleifend donec ut dolor morbi
195,30/6/2022,4,872,orci luctus et ultrices posuere cubilia curae donec pharetra magna vestibulum aliquet ultrices erat tortor sollicitudin
446,26/7/2022,1,176,neque aenean auctor gravida sem praesent id massa id nisl
115,10/4/2023,5,229,nulla nisl nunc nisl duis bibendum felis sed interdum venenatis turpis enim blandit mi
438,1/5/2023,5,68,mauris viverra diam vitae quam suspendisse potenti nullam porttitor lacus at turpis donec posuere metus vitae
480,25/10/2022,2,180,nullam varius nulla facilisi cras
223,13/5/2023,4,532,leo pellentesque
486,4/12/2022,5,808,congue eget semper rutrum nulla nunc purus phasellus in felis donec semper sapien a libero nam dui proin leo odio
303,26/3/2023,4,342,lobortis sapien sapien non mi integer ac neque duis bibendum morbi non quam nec dui
58,20/8/2022,5,303,volutpat eleifend donec ut dolor morbi vel lectus in quam fringilla
354,30/10/2022,1,504,nulla neque libero convallis eget eleifend luctus ultricies eu nibh quisque id justo
371,16/3/2023,4,298,elit sodales scelerisque mauris sit amet eros suspendisse accumsan tortor
295,26/5/2022,3,898,blandit ultrices
131,28/10/2022,2,614,morbi ut odio cras mi pede malesuada in imperdiet
133,3/2/2023,1,228,nec sem duis aliquam convallis nunc proin at turpis a pede
386,8/1/2023,4,221,in faucibus orci luctus et ultrices posuere cubilia curae nulla
79,8/12/2022,1,947,felis sed interdum venenatis turpis
481,22/1/2023,4,774,suspendisse potenti cras in purus eu magna vulputate luctus cum sociis natoque penatibus et magnis dis parturient
415,20/5/2023,3,574,ac neque duis
83,2/3/2023,3,697,morbi odio odio
49,2/1/2023,3,650,nulla elit ac nulla sed vel enim sit amet nunc viverra dapibus nulla suscipit ligula in lacus curabitur at
384,19/11/2022,5,28,suspendisse ornare consequat lectus in est risus auctor
346,4/11/2022,5,455,ipsum ac tellus semper interdum mauris ullamcorper purus sit amet nulla quisque
113,13/2/2023,3,204,fermentum donec ut mauris eget massa tempor convallis nulla neque libero convallis eget eleifend luctus ultricies
53,19/2/2023,2,263,potenti nullam porttitor lacus
476,7/1/2023,4,464,eget tempus vel pede morbi porttitor lorem id ligula suspendisse ornare consequat
445,12/9/2022,4,683,augue vel accumsan tellus
446,13/8/2022,4,285,aenean sit amet justo morbi ut odio
118,31/8/2022,4,963,in faucibus orci luctus et ultrices posuere cubilia curae mauris viverra diam vitae quam suspendisse potenti nullam
329,4/6/2022,2,834,curae mauris viverra diam vitae quam suspendisse potenti nullam porttitor lacus at turpis donec posuere metus vitae ipsum aliquam non
424,9/12/2022,1,290,ac nulla sed vel enim sit amet nunc viverra dapibus nulla suscipit
173,16/6/2022,1,804,sapien ut nunc vestibulum ante
27,23/1/2023,5,295,sagittis nam congue risus semper porta volutpat quam pede lobortis ligula sit amet eleifend pede libero quis orci nullam
478,24/1/2023,1,497,orci nullam molestie nibh in lectus pellentesque at nulla suspendisse potenti cras in purus eu magna
380,3/3/2023,1,725,convallis duis consequat dui nec nisi volutpat eleifend donec ut dolor morbi vel lectus in quam fringilla rhoncus mauris enim
135,7/4/2023,4,845,at diam nam
470,21/7/2022,4,711,dolor quis odio consequat varius
49,2/3/2023,5,322,tellus nulla ut erat id mauris vulputate
25,11/8/2022,4,7,vestibulum quam sapien
25,23/10/2022,2,316,nec nisi volutpat eleifend donec ut dolor morbi vel lectus in quam fringilla
449,22/7/2022,1,558,potenti in eleifend quam a odio in hac habitasse platea dictumst maecenas ut massa quis
470,2/12/2022,2,562,faucibus accumsan odio curabitur convallis duis consequat dui nec
71,20/5/2023,4,472,purus eu magna vulputate luctus cum sociis natoque penatibus
464,23/10/2022,1,90,quis tortor id nulla ultrices aliquet maecenas leo odio condimentum id luctus nec molestie sed justo pellentesque
214,15/1/2023,3,130,tincidunt nulla mollis molestie lorem quisque ut erat curabitur gravida
189,11/3/2023,5,350,viverra eget congue eget semper rutrum nulla nunc purus phasellus in felis donec
167,28/3/2023,1,879,sodales sed tincidunt eu felis fusce posuere felis
407,20/8/2022,4,315,rutrum nulla nunc
408,19/1/2023,5,695,pellentesque at nulla suspendisse potenti cras in purus eu
419,2/1/2023,4,666,lacinia erat vestibulum sed magna at
169,4/1/2023,3,763,quisque ut erat curabitur gravida nisi at nibh in hac
154,28/12/2022,1,53,eu massa donec dapibus duis at velit eu est congue elementum in hac habitasse platea dictumst
484,18/3/2023,1,386,donec vitae nisi nam ultrices libero non mattis pulvinar nulla pede ullamcorper augue
405,12/12/2022,2,107,mauris viverra diam vitae quam suspendisse potenti nullam porttitor lacus
495,18/1/2023,3,892,imperdiet nullam orci pede venenatis
296,11/3/2023,1,721,eros elementum pellentesque quisque porta volutpat erat quisque erat eros
102,28/6/2022,1,165,rutrum neque
440,20/8/2022,2,461,vulputate vitae
392,3/3/2023,4,197,lobortis est
418,9/4/2023,4,292,eget nunc donec quis orci eget orci vehicula condimentum curabitur in libero ut massa
35,20/7/2022,5,752,curabitur convallis duis consequat dui nec nisi volutpat eleifend donec ut dolor morbi vel lectus
212,14/11/2022,3,318,rutrum at lorem integer tincidunt ante vel ipsum praesent blandit lacinia erat vestibulum sed magna at nunc commodo placerat
312,24/7/2022,3,701,nec sem duis aliquam convallis nunc proin
50,11/1/2023,3,190,eleifend donec ut dolor morbi vel
460,6/6/2022,5,864,odio consequat
189,15/7/2022,4,186,elit ac nulla sed vel enim sit amet
309,9/5/2023,5,48,in felis eu sapien cursus vestibulum proin eu mi nulla ac enim in tempor turpis
302,24/2/2023,5,698,elit proin risus praesent lectus vestibulum quam sapien varius ut blandit non interdum in
25,28/7/2022,5,158,massa volutpat
269,8/5/2023,2,512,amet sem fusce
288,23/7/2022,5,319,nam dui proin leo odio porttitor id consequat in consequat
399,21/12/2022,4,911,consequat lectus in est risus auctor sed tristique in tempus sit amet sem fusce consequat nulla nisl
69,10/5/2023,1,207,cursus vestibulum proin eu mi nulla ac enim in tempor turpis nec euismod scelerisque quam turpis adipiscing lorem vitae mattis
336,27/7/2022,5,487,molestie sed justo pellentesque
481,25/12/2022,5,384,justo lacinia eget
479,28/3/2023,2,254,rhoncus sed
375,9/4/2023,3,871,velit id pretium iaculis diam erat fermentum justo nec condimentum neque sapien placerat
235,21/3/2023,3,522,posuere cubilia curae donec pharetra magna vestibulum aliquet ultrices erat tortor sollicitudin
221,9/2/2023,2,920,amet nunc viverra dapibus nulla suscipit ligula in lacus curabitur at ipsum
261,20/11/2022,2,294,leo pellentesque ultrices
364,6/7/2022,3,655,pretium iaculis diam erat
59,1/12/2022,2,679,amet cursus id turpis integer aliquet massa id lobortis convallis tortor risus dapibus augue vel accumsan tellus nisi eu
493,2/2/2023,3,338,pede venenatis non sodales sed tincidunt eu felis fusce posuere felis sed lacus morbi sem mauris laoreet ut
76,20/5/2023,2,238,eu orci mauris lacinia sapien quis
332,21/7/2022,5,575,sapien a libero nam
239,16/4/2023,2,577,lorem integer tincidunt ante vel ipsum
13,13/5/2023,4,684,eros vestibulum ac est lacinia nisi venenatis tristique fusce congue diam id ornare imperdiet sapien urna pretium nisl ut
169,31/5/2022,3,952,bibendum felis sed interdum venenatis turpis enim blandit mi in porttitor pede justo eu massa donec
431,7/12/2022,1,921,primis in faucibus orci luctus et ultrices posuere cubilia curae mauris viverra diam vitae quam suspendisse potenti nullam
252,5/8/2022,3,415,vel pede morbi porttitor lorem id
474,20/11/2022,5,278,ut nulla sed accumsan felis ut at
468,29/6/2022,3,101,non interdum in ante vestibulum ante ipsum primis in faucibus orci luctus et ultrices
475,25/2/2023,2,407,vel augue vestibulum rutrum rutrum neque aenean
167,2/1/2023,2,105,cubilia curae mauris viverra diam vitae quam suspendisse
377,20/8/2022,2,84,nam nulla integer pede justo lacinia eget tincidunt eget
427,20/3/2023,4,17,dui nec nisi volutpat
49,12/6/2022,3,938,nulla elit ac nulla sed vel enim sit amet nunc viverra dapibus nulla suscipit ligula in
222,1/12/2022,1,350,lacus at velit vivamus vel nulla eget eros elementum pellentesque quisque porta volutpat erat
49,13/6/2022,5,875,est quam pharetra magna ac consequat
384,1/4/2023,5,157,in hac habitasse platea dictumst maecenas ut massa quis augue luctus tincidunt
107,16/12/2022,1,317,nibh in lectus
343,19/4/2023,4,523,ipsum aliquam non mauris morbi non lectus aliquam sit amet diam
70,30/3/2023,1,479,mauris lacinia sapien quis libero nullam
160,2/4/2023,4,651,luctus nec molestie
190,19/7/2022,3,412,pellentesque ultrices mattis odio donec vitae nisi nam ultrices libero non mattis pulvinar nulla pede ullamcorper augue
92,1/7/2022,4,517,risus praesent lectus vestibulum quam sapien varius ut blandit non interdum in ante vestibulum ante ipsum primis in faucibus orci
62,12/5/2023,2,829,convallis nulla neque
72,25/3/2023,2,481,ipsum dolor sit amet consectetuer adipiscing elit proin interdum mauris non ligula pellentesque ultrices phasellus id
69,4/11/2022,3,164,posuere cubilia curae duis faucibus accumsan odio curabitur convallis duis consequat dui nec nisi volutpat
273,18/1/2023,2,455,dolor vel
480,1/8/2022,5,833,tellus in sagittis dui vel nisl duis ac
451,19/2/2023,3,967,augue vel accumsan tellus nisi eu orci mauris lacinia sapien quis libero nullam sit amet turpis elementum
133,24/4/2023,2,847,non quam nec dui luctus rutrum nulla tellus in sagittis dui vel nisl duis
448,10/8/2022,2,635,lacus morbi sem mauris laoreet ut rhoncus aliquet pulvinar sed nisl nunc
442,26/5/2022,4,824,imperdiet sapien urna pretium nisl ut volutpat sapien arcu sed augue aliquam erat volutpat
277,10/7/2022,5,319,donec vitae nisi nam ultrices libero non mattis pulvinar nulla pede ullamcorper augue a suscipit nulla
365,25/10/2022,3,750,augue a suscipit nulla elit ac nulla
473,9/2/2023,1,50,luctus et
356,20/12/2022,2,888,rhoncus sed vestibulum sit amet cursus id turpis integer aliquet massa id lobortis convallis tortor
197,16/10/2022,3,398,eros elementum pellentesque quisque porta volutpat erat quisque erat eros viverra eget congue eget semper rutrum nulla
133,19/2/2023,4,806,convallis duis consequat dui
190,5/10/2022,3,550,sagittis sapien cum sociis natoque penatibus et magnis dis parturient montes nascetur ridiculus mus etiam vel augue vestibulum rutrum rutrum
143,17/5/2023,3,954,tristique est et tempus semper est quam pharetra magna ac consequat metus sapien ut
209,27/3/2023,1,28,sodales sed tincidunt eu felis fusce posuere felis sed lacus morbi sem mauris laoreet ut rhoncus aliquet pulvinar sed nisl
452,11/2/2023,3,574,sit amet sapien dignissim vestibulum vestibulum ante ipsum primis in faucibus orci luctus
487,2/12/2022,4,443,curabitur in
476,2/7/2022,5,325,aliquam sit amet diam in magna bibendum imperdiet nullam orci pede venenatis non sodales sed tincidunt eu
211,16/3/2023,3,569,etiam pretium iaculis justo in
328,13/4/2023,1,848,leo pellentesque ultrices mattis odio donec vitae nisi nam ultrices libero non mattis pulvinar nulla pede ullamcorper
105,30/7/2022,2,865,ut ultrices vel augue vestibulum ante ipsum primis
415,11/11/2022,1,988,vel enim sit amet
346,10/1/2023,5,742,massa id lobortis convallis tortor risus
241,10/9/2022,2,244,ante ipsum primis in faucibus orci
93,29/12/2022,1,779,accumsan tellus nisi eu orci mauris lacinia sapien quis libero nullam sit amet turpis elementum ligula vehicula consequat
311,3/1/2023,1,614,orci luctus et ultrices posuere cubilia curae duis faucibus accumsan odio curabitur convallis duis consequat dui nec nisi volutpat
163,9/5/2023,5,831,sapien non mi integer ac neque duis bibendum morbi non quam nec dui luctus rutrum nulla tellus
485,25/4/2023,4,295,odio consequat varius integer ac leo pellentesque ultrices mattis odio donec vitae nisi nam ultrices
18,18/5/2023,3,386,vestibulum eget vulputate ut ultrices vel augue vestibulum ante ipsum
170,29/1/2023,5,41,vulputate elementum nullam varius nulla facilisi cras non velit nec nisi
354,20/10/2022,3,488,in hac habitasse platea dictumst aliquam augue quam sollicitudin vitae consectetuer eget rutrum at
243,14/1/2023,3,520,vel enim sit amet nunc viverra dapibus nulla suscipit ligula in lacus curabitur
113,1/5/2023,4,819,interdum eu tincidunt in leo
89,21/4/2023,4,982,nulla quisque arcu libero rutrum ac lobortis vel dapibus at diam nam tristique tortor eu
337,19/8/2022,5,385,pulvinar nulla pede ullamcorper augue a suscipit nulla elit ac nulla sed vel enim sit amet nunc viverra dapibus
212,23/9/2022,1,53,in leo maecenas pulvinar lobortis est phasellus sit amet erat nulla tempus vivamus in felis eu sapien cursus
461,29/3/2023,4,848,accumsan tellus nisi eu orci mauris lacinia sapien quis libero nullam sit amet turpis elementum ligula vehicula consequat morbi
63,6/9/2022,2,356,vel augue vestibulum ante ipsum primis in faucibus orci luctus et ultrices posuere cubilia curae donec pharetra magna vestibulum aliquet
458,26/6/2022,2,59,bibendum felis sed interdum venenatis turpis enim blandit mi in porttitor pede justo
475,21/9/2022,3,469,tincidunt in
20,21/2/2023,4,771,nunc purus phasellus in felis donec semper
330,2/10/2022,2,913,duis bibendum
27,18/10/2022,4,10,lacinia sapien quis libero nullam sit amet turpis elementum ligula vehicula consequat morbi a ipsum integer a nibh in quis
136,15/11/2022,3,626,integer tincidunt ante vel ipsum praesent blandit lacinia erat vestibulum sed magna at nunc commodo placerat praesent blandit
475,15/12/2022,2,78,cursus vestibulum proin eu mi nulla ac enim in tempor turpis nec euismod scelerisque quam
214,27/2/2023,4,743,suspendisse potenti nullam porttitor lacus at turpis donec posuere metus vitae ipsum aliquam non mauris
1,18/8/2022,5,764,et ultrices posuere cubilia curae nulla dapibus dolor vel est donec odio justo sollicitudin ut suscipit
313,11/9/2022,3,998,lorem id ligula suspendisse ornare consequat
394,8/2/2023,2,616,justo lacinia eget tincidunt eget
170,10/4/2023,2,256,molestie lorem quisque ut erat curabitur
276,13/3/2023,5,915,sodales sed tincidunt eu
101,11/5/2023,2,1000,posuere nonummy integer
224,27/9/2022,2,465,risus semper porta volutpat quam pede lobortis ligula sit amet eleifend pede libero quis orci
13,28/2/2023,5,571,nunc vestibulum ante ipsum primis in faucibus orci luctus et ultrices posuere cubilia curae mauris viverra diam vitae quam suspendisse
196,14/6/2022,5,401,massa id lobortis convallis tortor risus dapibus augue vel accumsan tellus
47,15/12/2022,4,147,dignissim vestibulum vestibulum ante ipsum primis in faucibus orci luctus et ultrices posuere cubilia curae nulla dapibus
298,3/1/2023,1,302,purus eu
439,5/11/2022,3,457,hac habitasse platea dictumst aliquam augue quam sollicitudin vitae consectetuer
74,4/9/2022,3,309,morbi vestibulum velit id pretium iaculis diam erat fermentum justo nec condimentum neque sapien
228,2/11/2022,3,893,lorem id ligula
18,20/12/2022,4,975,in sapien iaculis congue vivamus
357,12/2/2023,1,296,amet diam in
51,10/9/2022,5,652,in faucibus orci luctus et ultrices posuere cubilia curae donec pharetra magna vestibulum aliquet ultrices erat tortor
449,15/10/2022,3,264,cursus id turpis
233,30/1/2023,5,545,ut nulla sed accumsan felis ut at dolor quis odio consequat varius integer ac leo pellentesque
332,18/8/2022,5,167,quis augue luctus tincidunt nulla mollis molestie lorem quisque
378,28/9/2022,5,493,posuere cubilia curae duis faucibus accumsan odio curabitur convallis duis consequat dui nec nisi volutpat eleifend donec ut dolor morbi
118,24/6/2022,1,458,enim blandit mi in porttitor pede justo eu massa donec dapibus duis at velit
379,16/8/2022,1,748,justo sit amet sapien dignissim vestibulum vestibulum ante ipsum primis in faucibus orci luctus et
420,21/11/2022,1,134,urna pretium nisl ut
434,18/2/2023,3,717,tincidunt eget tempus vel pede morbi porttitor lorem
349,12/8/2022,4,781,ut massa volutpat convallis morbi odio odio elementum eu interdum eu tincidunt
288,30/5/2022,5,730,odio donec vitae nisi nam ultrices libero non mattis pulvinar nulla pede ullamcorper augue
78,9/8/2022,2,758,sit amet cursus
4,21/12/2022,3,20,eu orci
210,5/9/2022,3,281,diam erat fermentum justo nec condimentum neque sapien placerat ante nulla
275,4/11/2022,4,392,semper porta volutpat quam pede lobortis ligula sit amet eleifend pede libero quis orci
102,9/7/2022,3,194,morbi non lectus aliquam sit amet
25,17/12/2022,5,315,cras pellentesque
188,29/11/2022,2,945,justo eu massa donec dapibus duis at velit eu est congue elementum in hac habitasse platea dictumst morbi vestibulum velit
312,16/5/2023,5,46,ac consequat metus sapien ut nunc vestibulum ante ipsum primis in faucibus orci luctus et ultrices
12,24/12/2022,1,237,hac habitasse platea dictumst morbi vestibulum velit id pretium iaculis diam erat fermentum justo nec condimentum neque sapien placerat
59,15/11/2022,1,479,pede ullamcorper augue
14,15/11/2022,2,541,felis sed interdum venenatis turpis enim blandit mi in porttitor pede justo eu
489,19/6/2022,4,507,in faucibus orci luctus et
373,19/2/2023,5,951,primis in faucibus orci
206,26/4/2023,3,279,nibh ligula nec sem duis aliquam convallis nunc proin at turpis a pede posuere nonummy integer non velit
455,8/7/2022,4,388,eros viverra eget
374,16/6/2022,2,690,ligula vehicula consequat morbi a ipsum integer a
380,5/12/2022,4,139,nec sem duis aliquam convallis nunc proin at turpis a pede posuere nonummy integer
266,20/1/2023,3,488,fringilla rhoncus mauris enim
7,15/6/2022,5,381,aenean sit amet justo morbi ut odio cras mi pede malesuada in
199,15/7/2022,1,576,in est risus auctor sed tristique in tempus sit amet sem fusce consequat nulla nisl nunc nisl duis
448,5/4/2023,3,284,at feugiat non pretium quis lectus suspendisse potenti in eleifend quam a odio in hac habitasse platea dictumst
281,6/12/2022,3,80,ut odio cras mi pede malesuada in imperdiet et commodo vulputate justo in blandit ultrices enim lorem ipsum
393,8/5/2023,1,473,praesent lectus vestibulum quam sapien varius ut blandit non interdum in ante vestibulum ante ipsum primis in faucibus orci luctus
477,28/12/2022,4,328,quis justo maecenas rhoncus aliquam
362,21/9/2022,3,78,nam ultrices libero non mattis pulvinar nulla
354,25/10/2022,2,256,morbi sem mauris laoreet ut rhoncus aliquet pulvinar sed
41,30/9/2022,2,615,platea dictumst maecenas ut massa quis augue luctus tincidunt nulla mollis molestie
492,2/7/2022,1,633,odio in hac habitasse platea dictumst maecenas ut massa
491,5/6/2022,5,847,curae nulla dapibus dolor vel est donec odio justo sollicitudin ut suscipit a feugiat
315,11/3/2023,5,441,augue vestibulum rutrum rutrum neque aenean auctor gravida sem praesent id massa id nisl venenatis lacinia
279,2/4/2023,1,31,fusce lacus purus aliquet at feugiat non
3,30/7/2022,1,98,in hac habitasse platea dictumst maecenas ut massa quis augue luctus tincidunt
304,10/8/2022,3,767,hac habitasse platea dictumst
14,2/3/2023,4,985,elementum ligula vehicula consequat morbi a ipsum integer a nibh in quis justo
377,16/1/2023,2,823,ultrices posuere cubilia curae nulla
188,1/6/2022,2,123,gravida sem praesent id massa id nisl venenatis lacinia
51,7/6/2022,3,772,erat id mauris vulputate elementum nullam varius nulla facilisi cras non velit nec nisi vulputate nonummy maecenas tincidunt lacus at
185,7/12/2022,2,124,duis faucibus accumsan odio curabitur convallis duis consequat
198,31/1/2023,2,907,duis consequat dui nec nisi volutpat eleifend donec ut
105,7/7/2022,5,311,ultrices mattis odio donec vitae nisi nam ultrices libero non mattis pulvinar nulla pede ullamcorper augue a suscipit nulla elit
102,20/5/2023,5,393,curabitur gravida nisi at nibh in hac habitasse platea dictumst
76,22/3/2023,2,337,nullam sit amet turpis elementum ligula vehicula consequat morbi a ipsum integer a nibh in quis justo maecenas rhoncus
461,6/2/2023,1,781,in felis donec semper sapien a libero nam dui proin
192,23/5/2022,2,910,nisl duis bibendum felis sed interdum venenatis turpis enim blandit mi in
246,25/3/2023,3,577,praesent id massa id nisl
66,6/12/2022,4,422,sed vel enim sit amet nunc viverra dapibus nulla suscipit
118,18/9/2022,5,762,tincidunt lacus at velit vivamus vel nulla eget eros elementum pellentesque quisque porta volutpat erat quisque erat eros
325,28/3/2023,2,737,elit sodales scelerisque mauris sit amet
108,18/5/2023,3,4,diam in magna bibendum imperdiet nullam orci pede venenatis non
345,29/9/2022,3,60,ac nibh fusce lacus purus aliquet at feugiat non pretium quis lectus suspendisse potenti
48,24/8/2022,1,125,nisl aenean lectus pellentesque eget
450,29/1/2023,1,368,cubilia curae mauris viverra diam vitae quam suspendisse
182,9/6/2022,5,322,nullam sit amet turpis elementum ligula vehicula consequat morbi a ipsum integer a
41,10/11/2022,1,291,sagittis sapien cum sociis natoque penatibus et magnis dis parturient
128,4/10/2022,2,309,praesent blandit nam nulla integer pede justo lacinia eget
485,11/7/2022,2,951,pellentesque at nulla suspendisse potenti cras in purus
24,9/10/2022,5,323,pharetra magna
271,14/6/2022,3,243,orci luctus et ultrices posuere cubilia curae duis faucibus accumsan odio curabitur convallis
392,26/10/2022,4,732,lectus pellentesque at nulla suspendisse potenti
60,29/8/2022,5,535,convallis duis consequat dui nec nisi
460,4/1/2023,4,987,eu magna vulputate luctus cum sociis natoque penatibus et magnis dis parturient
101,22/7/2022,1,96,laoreet ut rhoncus aliquet pulvinar sed nisl nunc rhoncus dui vel sem sed sagittis nam
178,16/1/2023,2,781,consequat metus sapien ut nunc
425,9/3/2023,1,31,orci eget orci vehicula condimentum curabitur in libero ut massa volutpat convallis morbi odio odio elementum eu interdum eu
432,9/4/2023,5,240,ut erat id mauris vulputate elementum nullam varius nulla facilisi cras non velit nec nisi vulputate nonummy maecenas tincidunt lacus
189,29/8/2022,5,82,faucibus orci luctus et ultrices posuere cubilia curae donec pharetra
290,24/4/2023,3,265,a feugiat et
482,16/12/2022,4,909,nullam sit amet turpis elementum ligula vehicula consequat morbi a ipsum integer a nibh in quis justo maecenas rhoncus aliquam
442,14/1/2023,4,503,felis eu sapien cursus vestibulum proin eu mi nulla ac enim in tempor turpis nec euismod scelerisque quam
63,23/1/2023,2,741,id nisl venenatis lacinia aenean sit amet justo morbi ut odio cras mi
283,24/4/2023,1,100,pulvinar lobortis est phasellus sit amet
472,4/4/2023,3,511,pellentesque viverra pede ac diam cras pellentesque volutpat dui maecenas tristique est et tempus semper
357,8/11/2022,2,219,ut mauris eget massa tempor convallis nulla neque libero convallis
165,17/8/2022,4,528,ipsum primis in faucibus orci luctus et ultrices posuere cubilia curae mauris viverra diam vitae quam
374,2/4/2023,3,105,amet eros suspendisse accumsan tortor quis turpis sed ante vivamus tortor duis
32,25/8/2022,2,665,pellentesque quisque porta volutpat erat quisque erat eros viverra eget congue
117,18/3/2023,1,769,primis in
325,20/4/2023,2,473,vel lectus in quam fringilla rhoncus mauris enim leo rhoncus sed vestibulum sit amet cursus
73,31/3/2023,4,160,sit amet cursus id turpis integer aliquet massa id
452,11/12/2022,5,994,ac nibh fusce lacus purus aliquet at feugiat non pretium quis lectus suspendisse potenti in eleifend quam a
102,8/2/2023,4,583,condimentum id luctus nec molestie sed justo pellentesque viverra pede ac
259,3/1/2023,5,552,ut mauris eget massa tempor convallis nulla neque libero convallis eget eleifend luctus ultricies eu nibh quisque id justo sit
496,27/4/2023,1,507,eget orci vehicula condimentum curabitur in libero ut massa volutpat convallis morbi odio odio elementum eu interdum
322,9/2/2023,5,465,cras in purus eu magna vulputate luctus cum sociis natoque penatibus et magnis dis parturient montes nascetur ridiculus mus
312,12/1/2023,3,730,nunc vestibulum
382,15/6/2022,1,91,id mauris vulputate elementum nullam varius nulla facilisi cras non
437,5/2/2023,1,308,habitasse platea dictumst etiam faucibus cursus urna ut tellus nulla ut erat id
237,21/11/2022,4,471,vel nulla eget eros
257,2/4/2023,1,522,hac habitasse platea dictumst etiam faucibus cursus urna ut tellus nulla ut erat id mauris vulputate elementum nullam varius nulla
53,1/1/2023,5,241,ut massa volutpat convallis morbi odio odio elementum eu interdum eu tincidunt in leo
11,4/7/2022,3,564,cras mi pede malesuada in imperdiet et commodo vulputate justo in
25,23/2/2023,5,885,sapien cum sociis
331,30/9/2022,1,434,hac habitasse platea dictumst aliquam augue quam sollicitudin vitae consectetuer eget rutrum
275,25/5/2022,1,983,lectus pellentesque eget nunc donec quis orci eget orci vehicula condimentum curabitur in libero ut
283,11/9/2022,5,608,a ipsum integer a nibh in quis justo maecenas rhoncus aliquam lacus morbi quis tortor id nulla ultrices aliquet
36,22/12/2022,5,997,lorem id ligula suspendisse ornare consequat lectus in est risus auctor sed tristique in tempus sit
97,16/8/2022,5,616,leo rhoncus sed vestibulum sit amet cursus id
65,25/3/2023,4,242,sapien urna pretium nisl ut volutpat sapien arcu sed augue aliquam erat
458,17/5/2023,3,282,proin interdum mauris non ligula pellentesque ultrices phasellus id sapien in
327,9/3/2023,4,388,viverra pede ac diam cras
176,29/5/2022,4,344,lacus purus aliquet at feugiat non pretium quis lectus suspendisse potenti in eleifend quam a
43,24/10/2022,4,531,ligula vehicula consequat morbi a ipsum integer a nibh in quis justo maecenas rhoncus aliquam
323,9/1/2023,1,199,ut blandit non interdum in ante vestibulum ante ipsum primis in faucibus orci luctus et ultrices
142,20/3/2023,4,819,accumsan tortor quis turpis sed ante vivamus tortor duis mattis egestas metus aenean fermentum donec ut mauris eget massa tempor
179,18/2/2023,4,892,est congue elementum in
178,3/6/2022,2,377,ligula vehicula consequat morbi a ipsum integer a nibh in quis justo maecenas rhoncus
112,8/7/2022,4,774,venenatis lacinia aenean sit amet justo morbi
439,4/11/2022,5,30,nulla suspendisse potenti cras in purus eu magna vulputate luctus cum sociis natoque penatibus et magnis dis
118,27/8/2022,4,579,dui luctus rutrum nulla tellus in sagittis dui vel nisl duis ac nibh
286,29/10/2022,1,681,sapien a libero nam dui proin leo odio porttitor
40,11/1/2023,3,173,posuere cubilia curae nulla dapibus dolor vel est donec odio justo sollicitudin ut suscipit a feugiat
338,12/6/2022,1,537,in lacus curabitur at ipsum ac tellus semper interdum
434,18/7/2022,5,693,in leo maecenas pulvinar lobortis est phasellus sit amet erat nulla tempus vivamus in felis eu sapien cursus vestibulum proin
470,26/6/2022,4,445,lobortis vel dapibus at diam nam tristique tortor
352,13/4/2023,3,303,convallis morbi odio odio elementum eu interdum eu tincidunt in leo maecenas pulvinar lobortis est phasellus sit amet erat nulla
302,4/2/2023,1,750,justo in hac habitasse platea dictumst etiam faucibus cursus urna ut tellus nulla ut erat id mauris vulputate elementum nullam
246,25/12/2022,5,629,ac nulla
264,9/8/2022,4,897,pede malesuada in imperdiet et commodo vulputate justo in blandit ultrices enim lorem ipsum dolor sit amet consectetuer adipiscing elit
40,22/7/2022,3,384,ultrices enim lorem ipsum dolor sit amet consectetuer adipiscing elit proin interdum mauris non ligula
501,18/8/2022,1,140,nisl nunc nisl duis bibendum felis sed interdum venenatis turpis enim blandit
107,17/10/2022,2,403,erat volutpat in congue etiam justo etiam pretium iaculis justo in hac habitasse platea dictumst etiam
185,25/1/2023,2,610,risus dapibus augue vel accumsan tellus nisi eu orci mauris lacinia sapien quis libero nullam sit
380,2/7/2022,3,404,vulputate nonummy maecenas tincidunt lacus at
363,29/12/2022,1,425,justo pellentesque viverra pede
433,24/6/2022,2,67,at turpis donec posuere metus
232,28/4/2023,3,901,volutpat dui maecenas tristique est et tempus semper est quam pharetra
328,16/12/2022,4,373,ultrices phasellus id sapien in sapien iaculis congue vivamus metus arcu adipiscing molestie hendrerit at vulputate vitae nisl
14,15/2/2023,2,864,erat nulla tempus vivamus in felis eu sapien cursus vestibulum
246,11/1/2023,5,473,arcu libero
75,14/4/2023,4,746,montes nascetur ridiculus
404,9/6/2022,4,216,tempor turpis nec euismod scelerisque quam turpis adipiscing
282,5/10/2022,1,918,morbi non quam nec dui luctus rutrum nulla
342,8/12/2022,2,983,morbi vel lectus in quam fringilla rhoncus mauris enim leo rhoncus
352,19/12/2022,4,520,morbi vestibulum velit id pretium iaculis diam erat fermentum justo nec condimentum neque sapien placerat ante nulla
195,6/3/2023,5,139,varius ut blandit non interdum in ante vestibulum
209,17/7/2022,2,927,nulla sed vel enim sit amet nunc viverra dapibus nulla suscipit ligula in lacus
231,3/9/2022,1,126,elit proin risus
416,20/3/2023,3,37,semper interdum mauris ullamcorper purus sit amet nulla quisque
113,24/5/2022,4,546,vestibulum velit id pretium iaculis diam erat fermentum justo nec condimentum neque sapien placerat ante nulla justo aliquam quis turpis
227,12/10/2022,5,936,duis mattis egestas metus aenean fermentum donec ut mauris eget
56,1/11/2022,3,216,donec vitae nisi nam ultrices libero non mattis pulvinar nulla pede ullamcorper augue a suscipit nulla elit ac nulla
254,26/12/2022,4,222,consequat nulla nisl nunc nisl duis bibendum felis sed interdum venenatis turpis enim blandit
94,28/8/2022,1,97,sapien urna pretium nisl ut volutpat
424,5/8/2022,5,644,blandit ultrices enim lorem ipsum dolor sit amet consectetuer
63,12/2/2023,1,885,aliquet massa id lobortis convallis tortor risus dapibus augue
322,22/10/2022,5,660,justo pellentesque viverra pede ac diam
40,7/10/2022,3,213,parturient montes nascetur ridiculus mus etiam vel augue vestibulum rutrum rutrum neque aenean auctor gravida sem praesent id massa id
193,15/9/2022,4,838,erat quisque erat eros viverra eget congue
3,31/10/2022,4,345,consequat morbi a
485,30/5/2022,5,78,dolor sit amet consectetuer adipiscing elit
9,23/4/2023,2,305,a pede posuere nonummy integer
453,22/12/2022,1,531,suspendisse accumsan tortor quis turpis sed ante vivamus tortor duis mattis egestas metus aenean fermentum donec ut
427,11/9/2022,4,637,enim sit amet
34,20/4/2023,1,351,sit amet lobortis sapien sapien non mi integer ac neque duis bibendum
90,8/8/2022,5,183,consequat in consequat ut nulla sed accumsan felis ut at dolor
376,6/3/2023,3,922,rhoncus aliquam lacus morbi quis tortor id nulla ultrices
66,28/9/2022,2,92,consequat nulla nisl nunc nisl duis
183,26/10/2022,3,129,imperdiet et commodo vulputate justo in blandit ultrices enim lorem ipsum dolor sit amet consectetuer adipiscing elit proin
464,1/7/2022,2,506,morbi non quam nec dui
233,16/4/2023,1,253,eu magna vulputate luctus cum sociis natoque
320,4/10/2022,2,992,parturient montes nascetur ridiculus
428,16/5/2023,2,23,nunc donec quis orci eget orci vehicula condimentum curabitur in libero ut massa volutpat convallis morbi
154,27/1/2023,3,514,ut erat id
222,12/6/2022,5,273,interdum in
34,1/7/2022,2,639,at nibh in hac habitasse platea dictumst aliquam augue
190,15/2/2023,1,368,rhoncus mauris enim leo rhoncus sed vestibulum sit amet cursus id turpis integer aliquet
212,28/11/2022,3,579,sagittis sapien
116,27/9/2022,3,660,aenean sit amet justo morbi
432,15/6/2022,3,323,sodales scelerisque mauris sit amet eros suspendisse accumsan tortor quis turpis sed ante vivamus tortor
243,20/10/2022,1,181,tristique fusce congue diam id ornare imperdiet sapien urna pretium nisl ut volutpat sapien arcu sed augue aliquam erat volutpat
265,19/5/2023,1,472,sagittis nam congue risus semper porta volutpat
182,12/8/2022,1,796,amet consectetuer adipiscing elit proin interdum mauris non ligula pellentesque
284,26/11/2022,3,175,enim lorem ipsum dolor sit amet consectetuer adipiscing elit proin interdum mauris non ligula pellentesque ultrices phasellus id sapien
234,9/3/2023,5,626,luctus rutrum nulla tellus in sagittis dui vel nisl duis ac nibh fusce lacus purus aliquet
343,26/1/2023,4,595,platea dictumst aliquam augue
432,20/8/2022,5,667,convallis nulla neque libero convallis eget eleifend luctus ultricies eu nibh quisque id justo sit amet sapien dignissim
269,25/6/2022,1,496,a ipsum integer a nibh in quis justo maecenas rhoncus
392,11/3/2023,5,168,turpis a pede posuere nonummy integer non velit donec diam neque vestibulum eget vulputate ut
251,5/5/2023,2,558,aenean fermentum donec ut mauris eget massa tempor convallis nulla neque libero convallis eget eleifend
344,19/11/2022,2,465,at turpis a pede posuere nonummy integer non velit donec diam neque vestibulum eget vulputate ut ultrices vel augue vestibulum
156,25/6/2022,5,343,primis in faucibus orci luctus et ultrices posuere
44,3/11/2022,2,520,erat fermentum justo nec condimentum neque sapien placerat ante nulla justo aliquam quis turpis
350,16/8/2022,5,403,mattis egestas metus aenean fermentum donec ut mauris eget massa
404,17/9/2022,1,973,at nulla suspendisse potenti cras in purus eu magna vulputate
495,31/3/2023,4,310,vel nulla eget eros elementum pellentesque quisque porta volutpat erat quisque erat eros viverra eget congue
373,14/11/2022,5,688,nibh quisque id justo sit amet sapien dignissim vestibulum vestibulum ante ipsum primis in
144,27/8/2022,2,516,erat nulla tempus vivamus in felis eu sapien cursus
8,26/2/2023,2,446,sapien a libero nam dui proin leo odio porttitor id consequat
58,19/7/2022,5,296,vel lectus in quam fringilla rhoncus mauris enim leo rhoncus sed vestibulum sit amet cursus
145,1/2/2023,1,610,parturient montes nascetur ridiculus mus vivamus vestibulum sagittis sapien cum sociis natoque
185,12/7/2022,5,744,eros viverra eget congue eget semper rutrum
410,30/5/2022,5,813,urna ut tellus nulla ut erat id mauris vulputate elementum nullam varius nulla facilisi cras non velit
455,25/9/2022,2,159,in faucibus orci luctus et ultrices posuere cubilia curae nulla dapibus dolor vel est donec odio
336,31/10/2022,4,847,quis odio consequat varius integer ac leo pellentesque ultrices mattis odio donec
363,9/11/2022,1,23,suscipit ligula in lacus curabitur at ipsum ac tellus semper interdum
116,2/4/2023,5,312,enim sit amet nunc viverra dapibus nulla suscipit ligula in lacus curabitur at ipsum ac
37,9/9/2022,3,404,a pede posuere nonummy integer non velit donec diam neque vestibulum
232,2/12/2022,5,519,quis tortor id nulla ultrices aliquet maecenas leo odio condimentum id luctus nec molestie sed justo pellentesque viverra pede
272,27/11/2022,4,625,accumsan odio curabitur convallis duis consequat dui nec
472,2/6/2022,3,292,eu est congue elementum in hac habitasse platea dictumst morbi vestibulum velit id pretium
211,31/5/2022,1,438,viverra eget congue eget semper rutrum nulla nunc
470,15/5/2023,3,762,erat eros viverra eget congue eget semper rutrum nulla nunc purus phasellus in felis donec semper sapien a
12,24/12/2022,2,887,at velit
92,31/10/2022,2,42,odio porttitor id consequat in consequat ut nulla sed
329,21/1/2023,2,430,donec dapibus duis at velit eu est congue elementum in hac habitasse platea dictumst morbi vestibulum velit id
11,31/1/2023,2,948,fusce lacus purus aliquet at feugiat non
233,20/11/2022,4,338,euismod scelerisque
105,14/10/2022,1,104,sapien quis libero nullam sit amet turpis elementum ligula vehicula
21,25/3/2023,5,435,quam sapien varius ut blandit non interdum in ante vestibulum ante ipsum primis in faucibus orci luctus
364,17/10/2022,3,988,mi in porttitor pede justo eu massa donec dapibus duis at velit eu est congue
352,27/3/2023,3,713,lacus at velit vivamus vel nulla eget eros elementum pellentesque
29,3/4/2023,2,509,at turpis donec posuere metus vitae ipsum aliquam non mauris morbi
126,23/4/2023,3,671,purus phasellus in felis donec semper sapien a libero nam dui proin leo odio porttitor id consequat in
474,1/8/2022,4,217,cras pellentesque volutpat dui maecenas
440,10/3/2023,1,533,sollicitudin ut suscipit a
245,31/1/2023,5,463,platea dictumst aliquam augue quam sollicitudin vitae
454,3/6/2022,3,480,odio consequat varius integer ac leo pellentesque ultrices mattis odio
45,19/8/2022,1,110,erat fermentum justo nec condimentum neque sapien placerat ante nulla justo aliquam quis turpis eget elit sodales scelerisque mauris sit
227,2/7/2022,4,527,dui luctus rutrum nulla tellus in sagittis dui vel nisl duis ac nibh fusce lacus purus
489,28/7/2022,4,546,purus sit amet nulla quisque arcu libero rutrum ac lobortis vel dapibus at
495,13/9/2022,4,26,nulla ut erat
341,4/3/2023,3,812,eros vestibulum ac est lacinia nisi venenatis tristique fusce congue diam id ornare imperdiet
430,25/2/2023,3,698,donec semper sapien a libero nam dui proin leo odio
449,10/9/2022,1,127,congue eget semper rutrum nulla nunc purus phasellus in felis donec semper sapien
204,1/5/2023,5,194,lacus at turpis donec posuere metus vitae ipsum aliquam non mauris morbi non lectus aliquam sit amet diam in
86,26/5/2022,2,479,nunc viverra dapibus nulla suscipit ligula in lacus curabitur at ipsum
445,4/6/2022,4,675,amet justo morbi ut odio cras mi pede malesuada in imperdiet et commodo vulputate justo in
477,18/11/2022,3,834,mauris ullamcorper purus sit amet nulla quisque arcu libero
55,20/4/2023,4,109,sit amet consectetuer adipiscing elit proin risus praesent lectus vestibulum quam sapien varius ut blandit non interdum
139,3/2/2023,1,940,turpis enim blandit mi in porttitor pede justo eu
131,19/10/2022,2,24,orci luctus et
101,26/11/2022,5,855,pharetra magna vestibulum aliquet ultrices erat tortor sollicitudin mi sit amet lobortis sapien sapien non mi integer
248,20/5/2023,1,388,tristique fusce congue diam id ornare imperdiet sapien urna pretium nisl ut volutpat sapien arcu sed
179,28/10/2022,5,136,hendrerit at vulputate vitae nisl aenean
295,15/2/2023,1,389,quam a odio in hac habitasse platea dictumst maecenas
140,13/6/2022,3,899,ante vivamus
393,20/2/2023,4,969,condimentum neque sapien
15,16/7/2022,4,735,at vulputate vitae
491,29/3/2023,5,603,ante ipsum primis in faucibus orci luctus et ultrices posuere cubilia curae duis faucibus
1,15/7/2022,3,420,egestas metus aenean fermentum donec ut mauris eget massa tempor convallis nulla neque libero convallis eget
135,16/4/2023,5,378,mi sit amet lobortis sapien sapien
125,17/12/2022,4,452,luctus ultricies eu nibh quisque id justo
184,8/3/2023,5,508,sit amet nunc viverra dapibus nulla suscipit ligula in lacus curabitur at ipsum ac tellus semper
160,20/9/2022,3,742,lorem integer tincidunt ante vel
248,18/10/2022,5,861,convallis nunc proin at turpis a pede posuere nonummy integer non velit donec diam neque vestibulum
396,9/10/2022,1,843,rutrum nulla nunc purus phasellus in felis donec semper sapien a libero
28,29/9/2022,1,875,congue etiam justo etiam pretium iaculis justo in hac
263,5/11/2022,3,204,elit sodales scelerisque mauris sit amet eros suspendisse accumsan
62,8/2/2023,5,879,amet eleifend pede libero quis
26,20/10/2022,2,188,sagittis nam congue risus semper porta volutpat quam pede lobortis ligula sit amet eleifend pede libero quis
350,30/9/2022,4,229,vel augue
255,18/4/2023,4,966,tristique in tempus sit amet sem fusce consequat nulla nisl nunc nisl duis bibendum
90,27/4/2023,5,510,lectus pellentesque eget nunc donec quis orci eget orci vehicula condimentum curabitur in libero
312,10/10/2022,5,564,est et tempus semper est quam pharetra magna ac consequat metus sapien ut nunc vestibulum
449,24/4/2023,4,54,eu nibh quisque
486,9/11/2022,5,945,ultrices posuere cubilia curae duis
212,13/3/2023,3,115,eu sapien cursus vestibulum proin
166,5/11/2022,5,653,nascetur ridiculus mus vivamus vestibulum sagittis sapien cum sociis natoque penatibus et magnis dis parturient montes nascetur ridiculus mus etiam
459,26/1/2023,5,690,in blandit ultrices enim lorem ipsum dolor sit
117,31/10/2022,1,457,luctus rutrum nulla tellus in sagittis dui
1,17/2/2023,1,156,nibh quisque id justo
255,23/11/2022,5,636,lectus pellentesque at nulla suspendisse potenti cras in purus eu magna vulputate
395,20/10/2022,1,945,nibh quisque id justo sit amet sapien dignissim vestibulum vestibulum ante ipsum primis
162,29/1/2023,5,485,penatibus et magnis dis parturient montes nascetur ridiculus mus vivamus vestibulum sagittis sapien cum sociis natoque
226,19/2/2023,3,130,sed tincidunt eu felis fusce posuere felis sed
99,21/8/2022,5,707,magna at nunc commodo placerat praesent blandit nam nulla integer
229,28/2/2023,1,120,integer a nibh in quis justo maecenas
436,8/2/2023,4,294,montes nascetur ridiculus mus etiam vel augue vestibulum
89,24/7/2022,4,278,in tempus sit amet sem fusce consequat nulla
446,16/12/2022,1,621,nullam sit amet turpis elementum ligula vehicula consequat morbi a ipsum integer a nibh in quis
500,14/12/2022,1,112,phasellus id sapien in sapien iaculis congue vivamus metus arcu adipiscing molestie hendrerit at vulputate vitae nisl
466,23/9/2022,1,216,in lectus pellentesque at nulla suspendisse potenti cras in purus eu magna vulputate luctus cum sociis
312,30/3/2023,2,14,ultrices vel augue vestibulum ante ipsum primis in faucibus orci
192,2/4/2023,4,236,ac neque duis bibendum morbi non quam nec dui luctus rutrum nulla tellus in sagittis
169,27/9/2022,5,931,ac nulla sed vel enim sit amet nunc viverra dapibus nulla suscipit ligula in lacus curabitur
225,19/8/2022,1,103,etiam pretium iaculis justo in
105,28/3/2023,2,176,eget eros elementum pellentesque quisque porta volutpat erat quisque erat eros viverra
16,23/5/2022,2,128,vitae ipsum aliquam non mauris morbi non lectus aliquam sit amet
442,27/6/2022,2,129,mattis odio donec vitae nisi nam ultrices libero non mattis pulvinar nulla pede ullamcorper augue a suscipit
149,24/12/2022,4,105,ligula suspendisse ornare consequat lectus in est risus auctor sed tristique in tempus sit amet sem fusce
46,4/9/2022,3,23,ipsum dolor sit amet consectetuer adipiscing elit proin interdum mauris non ligula pellentesque ultrices phasellus id sapien
163,9/10/2022,1,984,vitae nisi nam ultrices libero non mattis pulvinar nulla pede ullamcorper augue a suscipit nulla elit ac nulla sed
489,29/3/2023,1,3,amet justo morbi ut odio
49,21/8/2022,5,222,suspendisse potenti cras in purus eu magna vulputate luctus cum sociis natoque penatibus et magnis dis parturient
430,14/6/2022,4,216,interdum venenatis turpis enim
184,26/7/2022,1,832,dis parturient montes nascetur
134,6/11/2022,1,779,at ipsum ac tellus semper interdum mauris ullamcorper purus sit amet nulla quisque arcu libero rutrum ac lobortis vel dapibus
159,8/5/2023,1,52,eros vestibulum ac est lacinia nisi venenatis tristique fusce
314,6/8/2022,1,715,at vulputate vitae nisl aenean lectus pellentesque eget nunc donec quis orci eget orci vehicula condimentum
318,28/9/2022,5,23,ipsum dolor sit amet consectetuer adipiscing elit proin interdum mauris
228,16/7/2022,5,44,justo in blandit ultrices enim lorem ipsum dolor sit
379,19/4/2023,1,424,blandit non interdum in ante vestibulum ante ipsum primis in faucibus orci
283,2/6/2022,5,765,in lectus pellentesque at nulla suspendisse potenti cras in purus eu magna vulputate luctus cum sociis
19,1/1/2023,3,877,habitasse platea dictumst maecenas
208,13/11/2022,1,536,diam neque
118,4/7/2022,3,314,sapien iaculis congue vivamus metus arcu adipiscing molestie hendrerit at vulputate vitae nisl
33,16/7/2022,2,223,sit amet consectetuer adipiscing elit proin
452,22/10/2022,1,782,elit ac nulla sed vel enim sit amet nunc viverra dapibus nulla suscipit ligula in lacus curabitur at
243,9/7/2022,5,653,facilisi cras
400,6/5/2023,4,328,lacus purus aliquet at feugiat non pretium
361,7/8/2022,1,411,imperdiet nullam orci pede venenatis non sodales sed tincidunt eu felis fusce posuere
206,13/10/2022,1,642,vel sem sed sagittis nam congue risus semper porta volutpat quam pede lobortis ligula sit amet
178,2/3/2023,1,488,maecenas tincidunt lacus at velit vivamus vel nulla eget eros elementum pellentesque quisque porta volutpat erat quisque erat eros viverra
157,12/6/2022,3,689,in hac habitasse platea dictumst maecenas ut massa quis augue luctus
367,2/5/2023,5,838,amet turpis elementum ligula vehicula consequat morbi a ipsum integer a nibh
78,28/4/2023,3,272,imperdiet et commodo vulputate
334,17/12/2022,4,905,porttitor id consequat in consequat
335,15/12/2022,4,230,suscipit a feugiat et eros vestibulum ac est lacinia nisi venenatis tristique fusce
3,26/6/2022,5,259,lacus at velit vivamus vel nulla eget eros elementum pellentesque
439,8/3/2023,4,8,integer ac leo pellentesque
166,12/1/2023,5,264,ut blandit non interdum in ante vestibulum ante ipsum primis in
488,27/11/2022,1,676,potenti in eleifend quam a odio in hac habitasse platea dictumst maecenas ut massa quis augue luctus
180,2/3/2023,3,995,non mi integer ac neque duis bibendum morbi non quam nec dui luctus rutrum nulla tellus
174,5/3/2023,1,993,libero nam dui proin
390,10/9/2022,5,708,in sagittis dui vel nisl duis ac nibh fusce lacus purus aliquet at feugiat non
172,16/7/2022,4,717,ut volutpat sapien
214,6/10/2022,5,195,dapibus duis at velit eu
293,18/4/2023,1,841,eget vulputate ut ultrices vel augue vestibulum ante ipsum primis in faucibus orci luctus et
263,24/4/2023,3,160,vivamus metus arcu adipiscing molestie hendrerit at vulputate vitae nisl aenean lectus pellentesque eget nunc donec quis orci eget orci
313,27/9/2022,5,163,sagittis nam congue risus semper porta volutpat quam pede lobortis ligula sit amet
462,23/8/2022,4,752,est donec odio justo sollicitudin ut suscipit a feugiat et eros vestibulum ac est lacinia
201,9/4/2023,5,352,in consequat ut nulla sed accumsan felis ut at dolor quis odio consequat varius integer ac leo pellentesque ultrices mattis
219,21/5/2023,1,514,cubilia curae nulla dapibus
307,30/6/2022,2,649,erat curabitur gravida nisi
203,5/9/2022,1,350,congue elementum in hac habitasse platea dictumst morbi vestibulum velit id pretium
300,28/4/2023,5,194,quis turpis sed ante vivamus tortor duis mattis egestas metus aenean fermentum
204,20/2/2023,5,137,porta volutpat erat quisque erat eros viverra eget congue eget semper rutrum nulla nunc
363,3/2/2023,5,583,parturient montes nascetur ridiculus mus vivamus vestibulum sagittis sapien cum sociis natoque penatibus et magnis dis parturient montes nascetur
371,20/8/2022,3,382,ligula nec sem duis aliquam convallis nunc proin at turpis a pede posuere nonummy integer non velit donec diam neque
182,28/4/2023,2,375,pede lobortis ligula sit amet eleifend pede libero quis orci nullam molestie nibh in
2,18/9/2022,4,68,rhoncus sed vestibulum sit amet cursus id turpis integer aliquet massa id lobortis convallis
291,4/3/2023,1,674,dignissim vestibulum vestibulum ante ipsum primis in faucibus orci luctus et ultrices
120,22/12/2022,1,343,fermentum donec ut mauris eget
166,16/4/2023,5,138,ut mauris eget massa tempor convallis nulla
106,10/3/2023,1,136,volutpat quam pede lobortis ligula sit amet
50,22/4/2023,3,405,quis turpis eget elit sodales scelerisque mauris sit amet eros suspendisse accumsan tortor quis turpis sed ante
319,29/4/2023,1,491,pede lobortis ligula sit amet
429,7/9/2022,4,453,donec posuere metus vitae ipsum aliquam
148,3/11/2022,1,862,nascetur ridiculus mus vivamus vestibulum
388,25/11/2022,2,313,vestibulum ac est lacinia nisi venenatis
493,12/6/2022,3,770,orci luctus et ultrices posuere cubilia curae
346,2/11/2022,3,446,non pretium quis lectus suspendisse potenti in eleifend quam a
454,5/4/2023,5,665,dis parturient montes nascetur ridiculus mus etiam vel augue vestibulum rutrum rutrum neque aenean auctor gravida sem
64,21/8/2022,5,25,aenean fermentum donec
252,9/8/2022,2,263,quam suspendisse potenti nullam porttitor lacus at turpis donec posuere metus vitae ipsum
104,6/1/2023,3,537,cursus vestibulum proin eu mi nulla ac enim in tempor turpis nec euismod scelerisque quam turpis adipiscing lorem vitae
180,31/5/2022,1,606,volutpat erat quisque erat eros
300,5/4/2023,5,5,tempor convallis nulla neque libero convallis eget eleifend luctus ultricies eu nibh quisque id justo
24,18/8/2022,5,44,luctus cum sociis natoque penatibus et magnis dis parturient montes nascetur
93,18/6/2022,4,511,donec pharetra magna vestibulum aliquet ultrices erat tortor sollicitudin mi sit amet lobortis sapien
203,13/4/2023,4,441,vel nulla eget eros elementum pellentesque quisque
443,2/12/2022,4,612,sed vel enim sit amet nunc viverra dapibus nulla suscipit ligula in lacus curabitur at ipsum ac tellus semper interdum
233,28/4/2023,5,663,nulla neque libero convallis eget eleifend
409,18/12/2022,1,851,tincidunt ante vel ipsum praesent blandit lacinia erat vestibulum sed magna at nunc commodo placerat praesent blandit nam
285,18/2/2023,5,543,eget tempus vel pede morbi porttitor lorem id ligula suspendisse ornare consequat lectus
430,30/4/2023,2,868,sit amet consectetuer adipiscing elit proin interdum mauris non ligula pellentesque ultrices
139,22/2/2023,3,728,mattis egestas metus aenean fermentum donec ut mauris eget massa tempor convallis nulla neque libero convallis
327,1/7/2022,2,785,justo in hac habitasse platea dictumst etiam faucibus cursus
376,14/1/2023,1,441,sit amet turpis elementum ligula vehicula consequat morbi a ipsum integer a
334,23/5/2022,2,90,purus aliquet at feugiat non pretium quis lectus suspendisse potenti in eleifend
182,22/5/2022,2,260,in imperdiet et commodo vulputate justo in blandit ultrices enim lorem ipsum dolor sit amet consectetuer adipiscing
54,25/7/2022,3,880,morbi sem mauris laoreet ut rhoncus aliquet pulvinar sed nisl nunc rhoncus dui vel sem sed sagittis nam congue risus
75,2/12/2022,4,477,vitae nisl aenean lectus pellentesque eget
27,29/6/2022,2,494,at velit vivamus vel
242,6/3/2023,1,253,non pretium quis lectus
305,19/2/2023,1,644,semper porta volutpat quam pede lobortis ligula sit amet eleifend
258,24/4/2023,2,406,diam erat fermentum justo nec condimentum neque sapien placerat ante nulla justo aliquam quis turpis eget elit sodales scelerisque mauris
170,7/12/2022,5,25,morbi odio odio elementum eu interdum eu tincidunt
379,29/7/2022,4,863,nisl duis
207,12/8/2022,5,58,lectus pellentesque at nulla suspendisse potenti cras in purus eu magna vulputate
327,24/7/2022,2,738,id turpis integer aliquet massa id lobortis convallis tortor risus dapibus augue vel
57,2/9/2022,2,379,quisque ut erat curabitur gravida nisi at nibh in
310,26/12/2022,2,915,nulla ac enim in tempor turpis nec euismod scelerisque quam turpis adipiscing lorem vitae mattis nibh
406,5/1/2023,4,479,orci nullam molestie nibh in lectus pellentesque at nulla suspendisse potenti cras
387,5/7/2022,1,501,in tempor turpis
65,8/12/2022,2,90,dapibus dolor vel est donec odio justo sollicitudin ut suscipit a feugiat et
323,15/7/2022,2,417,enim in tempor turpis nec euismod scelerisque quam turpis adipiscing lorem
93,2/12/2022,1,246,id mauris vulputate elementum nullam varius nulla
201,8/12/2022,3,474,lacinia nisi venenatis tristique
286,9/11/2022,5,50,posuere cubilia curae duis faucibus accumsan odio curabitur convallis duis
68,17/11/2022,1,53,pellentesque eget nunc donec quis orci eget orci vehicula condimentum curabitur in libero ut massa volutpat convallis morbi odio odio
306,23/1/2023,2,386,justo in hac habitasse
156,14/11/2022,5,547,sit amet sapien dignissim vestibulum vestibulum ante ipsum primis in faucibus orci luctus et ultrices posuere cubilia curae nulla dapibus
78,22/11/2022,5,910,quis turpis eget elit sodales scelerisque mauris
8,1/4/2023,2,76,diam id ornare imperdiet sapien urna pretium nisl ut volutpat sapien arcu sed
69,28/12/2022,1,618,vestibulum aliquet ultrices erat tortor sollicitudin
353,28/5/2022,5,413,mattis pulvinar nulla pede ullamcorper augue a suscipit nulla
70,3/11/2022,2,865,orci pede venenatis non sodales sed tincidunt eu
281,7/1/2023,3,173,et ultrices posuere cubilia curae duis faucibus accumsan odio curabitur convallis duis consequat dui nec nisi volutpat eleifend donec ut
240,27/12/2022,2,256,et commodo vulputate justo in
382,30/1/2023,3,672,orci luctus et ultrices posuere cubilia
436,7/4/2023,4,793,nulla suspendisse potenti cras in purus eu magna vulputate luctus cum sociis natoque penatibus
142,13/12/2022,3,346,quam nec dui luctus rutrum nulla tellus in sagittis dui vel nisl duis ac nibh fusce lacus purus
366,11/10/2022,1,935,justo in hac habitasse platea dictumst etiam
135,23/3/2023,2,796,sed vel enim
92,18/1/2023,5,418,at nulla suspendisse potenti cras in purus eu magna
186,11/6/2022,2,727,ultrices posuere
180,16/2/2023,4,987,quis tortor id
423,4/7/2022,4,618,convallis duis consequat dui nec nisi volutpat eleifend donec ut dolor morbi vel lectus in
33,6/3/2023,3,507,quam a odio in hac
71,22/7/2022,1,893,semper sapien a
326,5/3/2023,4,724,potenti cras in purus eu magna vulputate luctus cum sociis
467,28/5/2022,5,814,ante vivamus tortor duis mattis egestas
372,2/7/2022,4,881,penatibus et magnis dis parturient montes nascetur ridiculus mus vivamus vestibulum sagittis sapien cum sociis
209,12/5/2023,5,499,eget rutrum at lorem integer tincidunt ante vel ipsum praesent blandit lacinia erat vestibulum sed magna at nunc
398,9/2/2023,1,913,vitae consectetuer eget rutrum at lorem integer tincidunt ante vel ipsum praesent
120,22/4/2023,3,816,massa donec
275,14/10/2022,2,298,amet diam in magna bibendum imperdiet nullam orci pede venenatis non
188,12/8/2022,2,372,et magnis dis parturient montes nascetur ridiculus
63,7/2/2023,4,165,penatibus et magnis dis parturient montes nascetur ridiculus mus vivamus vestibulum sagittis sapien cum sociis natoque penatibus et magnis
25,22/4/2023,1,748,ipsum primis in faucibus orci luctus et
89,3/7/2022,3,760,adipiscing elit proin risus praesent lectus vestibulum quam sapien varius ut blandit non interdum
136,26/1/2023,3,437,orci eget orci vehicula condimentum curabitur in libero ut massa volutpat convallis morbi odio odio
473,16/6/2022,5,297,ac leo pellentesque ultrices mattis odio donec vitae nisi nam ultrices libero non mattis
488,17/11/2022,2,176,condimentum neque sapien placerat
437,28/6/2022,4,757,odio condimentum id luctus nec molestie sed justo pellentesque viverra pede ac diam cras pellentesque volutpat
224,1/6/2022,1,51,nulla facilisi cras
35,1/4/2023,3,507,phasellus id sapien in sapien iaculis congue vivamus metus arcu
472,7/12/2022,3,219,phasellus id sapien in sapien iaculis congue vivamus metus arcu adipiscing molestie hendrerit at vulputate vitae nisl aenean lectus
296,17/9/2022,2,695,elit proin risus praesent lectus vestibulum quam sapien
61,28/4/2023,2,863,cras pellentesque volutpat dui maecenas tristique est et
432,4/5/2023,5,616,amet sem fusce
266,14/6/2022,4,250,tortor id nulla ultrices aliquet maecenas leo odio condimentum id luctus nec molestie sed justo pellentesque viverra pede ac diam
91,4/12/2022,1,495,morbi quis tortor id nulla ultrices aliquet maecenas leo odio condimentum id luctus nec molestie sed justo pellentesque
421,19/1/2023,3,277,sed sagittis nam congue risus semper porta volutpat quam
157,13/10/2022,4,105,augue aliquam erat volutpat in congue etiam justo etiam pretium iaculis justo in hac habitasse
337,29/9/2022,2,818,vestibulum ante ipsum primis in faucibus orci luctus et ultrices posuere cubilia curae mauris viverra diam vitae quam suspendisse
442,30/12/2022,5,246,consequat nulla nisl nunc nisl duis bibendum felis sed interdum venenatis turpis enim blandit mi in porttitor pede justo
168,30/5/2022,3,35,orci nullam molestie nibh in lectus pellentesque at nulla suspendisse potenti cras in purus eu
357,28/8/2022,2,672,at vulputate vitae nisl aenean lectus pellentesque eget
129,2/10/2022,3,38,volutpat quam pede lobortis ligula sit amet eleifend pede libero quis orci
328,2/1/2023,5,92,suscipit ligula in lacus
98,8/12/2022,2,194,cursus vestibulum proin eu mi
381,12/12/2022,4,588,vivamus vel nulla
202,27/1/2023,4,429,tempus semper est quam pharetra magna ac consequat metus sapien ut nunc vestibulum ante ipsum primis in faucibus orci
481,8/12/2022,3,461,lacinia erat vestibulum sed magna at nunc commodo placerat praesent blandit nam nulla integer
493,26/7/2022,4,168,in magna bibendum imperdiet nullam orci pede venenatis non sodales sed tincidunt eu felis fusce
482,16/6/2022,5,205,lobortis est phasellus sit amet
341,23/11/2022,1,794,eu mi nulla ac enim in
441,18/8/2022,1,304,pharetra magna ac consequat metus sapien ut nunc vestibulum ante ipsum primis
205,6/12/2022,5,815,maecenas rhoncus aliquam lacus morbi quis tortor id nulla ultrices aliquet maecenas leo odio condimentum id
98,21/10/2022,4,290,ullamcorper purus sit
55,24/5/2022,3,376,et magnis dis parturient montes nascetur ridiculus mus vivamus vestibulum sagittis sapien cum sociis natoque penatibus et magnis
113,24/12/2022,3,56,nonummy integer non velit donec diam neque
264,9/9/2022,3,33,curabitur gravida nisi at nibh in hac habitasse platea dictumst aliquam augue quam
483,25/7/2022,1,100,fusce posuere felis sed lacus morbi sem mauris laoreet ut rhoncus aliquet pulvinar sed nisl nunc rhoncus dui
87,4/5/2023,4,371,vel ipsum praesent blandit lacinia erat vestibulum
302,27/4/2023,3,481,justo maecenas rhoncus
44,25/6/2022,2,27,lectus in quam fringilla rhoncus mauris enim leo rhoncus sed
187,23/12/2022,5,954,nulla sed accumsan felis ut at dolor quis odio consequat varius
400,1/1/2023,5,643,nisl nunc nisl duis
367,9/8/2022,3,177,integer ac neque duis bibendum morbi non quam nec dui luctus rutrum nulla tellus in sagittis dui vel nisl duis
101,15/6/2022,1,125,justo in hac habitasse platea dictumst etiam faucibus cursus urna ut tellus
63,2/8/2022,4,739,ipsum dolor sit amet consectetuer adipiscing elit proin interdum mauris non ligula pellentesque ultrices phasellus id sapien
407,31/8/2022,5,689,molestie sed justo pellentesque viverra pede ac diam cras pellentesque volutpat
291,15/11/2022,1,365,erat curabitur
459,26/8/2022,4,694,montes nascetur ridiculus mus etiam vel augue
88,10/10/2022,3,9,quam nec dui luctus rutrum nulla tellus in sagittis dui vel nisl duis ac nibh fusce
381,31/5/2022,4,223,curae nulla dapibus dolor vel est donec odio justo sollicitudin ut suscipit a feugiat et eros vestibulum
419,13/2/2023,2,330,mollis molestie lorem quisque ut erat curabitur gravida nisi at nibh in hac habitasse platea dictumst aliquam augue
343,28/10/2022,4,906,ut tellus nulla ut erat id mauris vulputate elementum nullam varius nulla facilisi cras non velit nec nisi
483,19/7/2022,5,121,libero convallis eget eleifend luctus ultricies eu nibh quisque id justo sit amet sapien dignissim
409,11/1/2023,4,964,consequat nulla nisl nunc nisl duis bibendum felis sed interdum venenatis
215,21/7/2022,3,67,porta volutpat quam pede lobortis ligula sit amet eleifend pede libero quis orci nullam molestie nibh
348,14/10/2022,5,946,ligula suspendisse ornare consequat lectus in est risus auctor
138,19/2/2023,2,666,nunc commodo placerat praesent blandit nam nulla integer pede justo lacinia eget tincidunt
148,25/1/2023,1,23,lectus vestibulum quam sapien varius ut blandit non interdum
439,5/3/2023,2,406,porta volutpat quam pede lobortis ligula sit amet eleifend pede libero quis orci nullam molestie nibh
78,12/8/2022,2,454,rutrum nulla nunc purus phasellus
294,7/5/2023,3,278,purus aliquet at feugiat non pretium quis lectus suspendisse potenti in eleifend quam a odio in hac
267,7/11/2022,3,404,dui maecenas tristique est
234,24/7/2022,2,686,odio justo sollicitudin ut suscipit
473,25/8/2022,4,590,hac habitasse platea dictumst etiam faucibus cursus urna ut tellus nulla ut erat id mauris vulputate
491,1/4/2023,4,773,metus vitae ipsum aliquam non mauris morbi
305,25/1/2023,2,621,rhoncus aliquam lacus morbi quis tortor id nulla ultrices aliquet maecenas leo odio condimentum id luctus nec molestie
345,19/4/2023,1,299,eleifend donec
206,13/8/2022,2,641,dis parturient montes nascetur ridiculus
416,28/8/2022,3,224,dui vel
168,3/10/2022,2,973,nulla facilisi cras non velit
9,1/10/2022,2,124,risus praesent lectus vestibulum quam sapien
191,22/8/2022,5,259,leo odio condimentum id luctus nec molestie
367,13/5/2023,2,796,donec posuere metus vitae ipsum aliquam non
494,18/12/2022,2,189,sapien cum sociis natoque penatibus et magnis dis parturient montes nascetur ridiculus mus
416,11/12/2022,3,335,rhoncus aliquet
359,4/4/2023,1,475,amet consectetuer adipiscing elit proin interdum mauris non ligula pellentesque ultrices
60,18/10/2022,4,957,natoque penatibus et magnis dis parturient montes nascetur ridiculus mus etiam vel augue vestibulum rutrum
126,10/4/2023,4,754,lobortis convallis tortor
122,17/12/2022,3,718,tincidunt eu felis fusce posuere felis sed lacus morbi sem mauris laoreet
178,12/12/2022,3,335,accumsan tellus nisi eu orci mauris lacinia sapien quis libero nullam sit amet turpis elementum ligula vehicula consequat
458,4/6/2022,2,993,parturient montes nascetur ridiculus mus etiam
430,16/7/2022,5,899,sem mauris laoreet ut rhoncus aliquet pulvinar sed
428,7/11/2022,5,950,ac enim in tempor
151,13/3/2023,5,414,congue etiam justo etiam
267,16/8/2022,1,805,quisque arcu libero rutrum ac lobortis
308,28/8/2022,4,546,nam tristique tortor eu pede
74,31/8/2022,4,787,luctus ultricies eu nibh quisque id justo sit amet sapien dignissim vestibulum vestibulum
330,23/3/2023,4,718,proin eu mi nulla ac enim in tempor turpis nec euismod scelerisque quam turpis adipiscing lorem vitae mattis
502,21/2/2023,4,83,magna bibendum imperdiet nullam orci pede venenatis non sodales sed tincidunt eu felis fusce
278,1/4/2023,3,75,nam congue risus semper porta volutpat quam
263,15/4/2023,4,254,integer tincidunt ante vel ipsum praesent blandit lacinia erat vestibulum sed magna
470,5/4/2023,3,400,rutrum ac lobortis vel dapibus at diam nam tristique tortor eu pede
129,9/3/2023,3,273,sed vel enim sit amet nunc viverra dapibus nulla suscipit ligula in lacus curabitur at ipsum ac tellus
66,27/12/2022,3,992,molestie nibh in lectus pellentesque at nulla suspendisse potenti cras in purus eu magna vulputate
264,18/6/2022,5,682,sit amet lobortis sapien sapien non mi integer ac neque duis bibendum morbi non quam nec dui luctus rutrum nulla
471,1/6/2022,2,182,ligula pellentesque ultrices phasellus id
363,10/7/2022,4,9,proin risus praesent lectus vestibulum quam sapien varius ut blandit non interdum in ante vestibulum
234,21/6/2022,3,714,lectus in est
24,5/3/2023,2,724,diam cras pellentesque volutpat dui maecenas tristique est et tempus
242,28/5/2022,3,301,turpis adipiscing lorem vitae mattis nibh ligula nec sem duis aliquam convallis nunc proin at turpis a pede posuere nonummy
34,5/3/2023,1,788,in ante vestibulum ante ipsum primis in faucibus orci luctus et ultrices posuere cubilia curae duis faucibus accumsan odio curabitur
91,6/12/2022,1,444,penatibus et magnis dis parturient montes nascetur ridiculus mus vivamus vestibulum sagittis sapien cum
496,13/5/2023,5,549,iaculis congue vivamus metus arcu adipiscing molestie hendrerit at vulputate vitae nisl aenean
225,17/3/2023,1,423,eget tempus vel pede morbi porttitor lorem id ligula suspendisse ornare consequat
270,10/2/2023,4,674,molestie sed justo pellentesque viverra pede ac diam cras pellentesque volutpat dui maecenas
469,25/9/2022,5,542,cubilia curae duis faucibus accumsan odio curabitur convallis
151,9/2/2023,2,560,dolor morbi vel lectus in quam fringilla rhoncus mauris enim leo rhoncus sed vestibulum sit amet cursus id turpis
199,28/12/2022,2,978,dui proin leo odio porttitor id consequat in consequat ut
212,21/2/2023,3,107,porttitor id consequat in consequat ut nulla sed accumsan felis ut at dolor quis
196,3/6/2022,1,421,posuere cubilia curae
136,10/1/2023,5,248,in felis donec semper
244,10/11/2022,3,847,in felis eu sapien cursus vestibulum proin eu mi nulla ac enim
82,3/3/2023,3,278,a suscipit nulla elit ac nulla sed vel enim sit amet nunc viverra dapibus
112,10/10/2022,2,462,ac enim in tempor turpis nec euismod
254,27/8/2022,4,472,diam erat fermentum justo nec condimentum neque sapien
136,29/1/2023,5,190,mi integer ac neque duis bibendum morbi non quam nec dui luctus rutrum nulla tellus in sagittis
84,4/3/2023,3,632,scelerisque quam turpis adipiscing lorem vitae mattis nibh ligula nec sem duis aliquam convallis nunc proin at turpis a pede
352,12/1/2023,5,502,sit amet turpis elementum ligula vehicula consequat morbi a ipsum integer a nibh in quis justo maecenas rhoncus aliquam lacus
286,4/7/2022,3,233,lobortis sapien sapien non mi integer ac neque duis bibendum morbi non quam nec dui luctus rutrum nulla tellus in
479,2/9/2022,2,524,elementum ligula vehicula consequat morbi a ipsum integer a nibh in quis justo maecenas rhoncus aliquam lacus
196,31/8/2022,4,532,tempor turpis nec euismod scelerisque quam turpis adipiscing lorem vitae mattis nibh ligula
65,23/5/2022,2,843,vivamus in felis eu sapien
316,27/5/2022,2,254,varius nulla facilisi cras non velit nec nisi vulputate nonummy maecenas tincidunt
438,19/3/2023,1,752,sapien arcu sed augue aliquam erat volutpat
268,16/10/2022,2,537,vestibulum sed magna at nunc commodo placerat praesent blandit
412,8/7/2022,1,571,lacus morbi quis tortor id nulla ultrices aliquet
285,12/10/2022,1,88,mauris eget massa tempor convallis nulla neque libero convallis eget eleifend luctus ultricies eu nibh quisque id justo
249,21/12/2022,3,129,et magnis dis
123,28/1/2023,1,439,lectus in quam fringilla rhoncus mauris enim
338,12/9/2022,5,597,quisque porta volutpat erat quisque erat eros viverra eget congue eget semper
458,16/5/2023,3,588,fusce posuere felis sed lacus morbi sem mauris laoreet ut rhoncus aliquet pulvinar
409,5/7/2022,1,663,elementum in hac habitasse
114,21/8/2022,3,669,volutpat erat quisque erat eros viverra eget congue eget semper rutrum nulla nunc purus phasellus in felis donec
266,1/9/2022,5,24,posuere metus vitae ipsum aliquam non mauris morbi non lectus aliquam sit
468,31/3/2023,3,873,magnis dis parturient montes nascetur ridiculus mus vivamus
345,7/11/2022,4,260,pretium iaculis diam erat fermentum justo nec condimentum neque sapien placerat ante nulla justo aliquam quis turpis eget elit sodales
264,17/12/2022,4,255,in est risus auctor sed tristique in tempus sit amet sem fusce consequat nulla nisl
349,22/1/2023,2,207,aliquam convallis nunc proin at turpis
399,11/3/2023,4,714,cursus vestibulum proin eu mi nulla ac enim in tempor turpis nec euismod
411,20/12/2022,2,356,justo in blandit ultrices enim lorem ipsum dolor sit amet consectetuer adipiscing elit proin interdum mauris
78,2/3/2023,2,475,sem praesent id massa id nisl venenatis lacinia aenean sit amet justo morbi
289,17/10/2022,3,859,eget elit sodales scelerisque mauris sit amet eros suspendisse accumsan tortor quis turpis sed ante vivamus
450,22/11/2022,3,782,quisque ut erat curabitur gravida nisi at nibh in hac habitasse platea dictumst aliquam augue quam sollicitudin vitae
361,29/12/2022,1,976,elementum nullam varius nulla facilisi
156,1/10/2022,2,115,vel nulla eget eros elementum pellentesque quisque porta
271,18/5/2023,3,506,vestibulum quam sapien varius ut blandit non interdum
450,5/4/2023,2,928,primis in faucibus
91,1/1/2023,1,411,ac neque duis bibendum
188,16/11/2022,5,226,interdum mauris non ligula pellentesque ultrices phasellus id
219,26/8/2022,1,408,lorem quisque ut erat curabitur gravida nisi at nibh in hac habitasse platea dictumst aliquam augue quam sollicitudin vitae consectetuer
22,24/11/2022,4,400,mauris laoreet ut rhoncus aliquet pulvinar sed
339,13/3/2023,4,182,in tempus sit amet sem fusce consequat nulla nisl nunc nisl duis bibendum felis
443,27/1/2023,5,513,sapien in sapien iaculis congue vivamus metus arcu adipiscing molestie hendrerit at
77,28/1/2023,1,983,pellentesque quisque porta volutpat erat
185,8/9/2022,1,138,nullam sit amet turpis elementum ligula vehicula consequat morbi a ipsum integer a nibh
50,13/12/2022,3,230,velit nec nisi vulputate nonummy maecenas tincidunt
261,21/12/2022,1,500,quis justo maecenas rhoncus aliquam lacus morbi quis tortor id nulla ultrices
207,27/10/2022,2,621,id lobortis convallis tortor risus dapibus augue vel accumsan tellus nisi eu orci
483,25/2/2023,5,322,convallis nulla neque libero convallis eget eleifend luctus ultricies eu nibh quisque id justo sit amet
95,25/5/2022,5,464,eu orci mauris lacinia sapien quis libero nullam sit amet turpis elementum ligula vehicula consequat morbi a ipsum integer
401,18/7/2022,5,216,leo rhoncus sed vestibulum sit amet cursus id turpis integer aliquet massa id lobortis convallis tortor risus dapibus augue
27,28/6/2022,2,657,adipiscing elit proin interdum mauris non ligula pellentesque ultrices phasellus id
