u_id,c_id,participation
195,60,true
273,696,false
796,84,false
336,752,false
636,80,false
815,41,false
196,18,true
339,690,false
726,578,false
107,295,false
525,363,false
263,524,true
615,683,false
205,928,false
407,390,true
878,156,false
734,998,true
47,613,false
256,603,true
570,792,true
226,618,true
232,163,true
855,494,false
460,138,false
561,288,true
442,106,true
866,391,false
472,505,false
891,155,false
905,997,false
270,439,true
224,943,true
779,750,true
114,240,false
179,248,false
790,268,true
439,318,true
321,602,true
524,428,true
7,592,false
881,984,false
360,219,false
621,250,true
721,696,true
959,228,true
105,450,false
341,923,false
117,288,true
379,301,true
403,903,false
675,654,false
903,667,false
530,49,true
811,786,true
383,605,false
851,924,false
674,376,false
477,322,false
939,4,false
844,990,true
123,123,false
319,827,false
57,105,false
780,322,false
128,171,true
407,543,false
408,620,false
662,217,false
872,992,true
801,37,true
242,891,true
453,97,false
825,49,false
171,424,false
894,364,false
731,750,false
960,863,false
354,926,false
401,60,true
966,207,false
986,852,true
171,727,true
955,725,false
977,894,false
763,447,false
775,464,true
274,393,true
108,833,true
24,684,false
747,905,false
260,878,false
517,119,false
730,890,false
650,474,false
560,968,false
684,946,true
85,585,false
389,696,false
288,789,true
212,98,true
532,813,true
278,633,true
312,84,false
129,360,true
14,432,false
785,679,false
636,856,false
710,153,false
320,441,false
886,637,true
815,284,false
730,7,false
531,353,false
835,962,false
137,878,true
449,296,false
705,407,true
191,150,false
54,38,false
587,183,true
368,825,false
452,613,false
340,940,false
482,225,false
730,461,true
511,141,false
522,583,true
546,200,false
469,890,false
834,241,true
131,650,false
515,853,true
724,439,false
438,673,true
195,334,true
906,752,true
708,260,true
990,795,false
61,41,true
880,279,false
955,539,false
805,16,true
239,323,true
247,173,true
791,558,true
621,236,false
65,258,false
131,147,false
485,955,true
808,643,false
396,435,true
895,648,false
93,121,false
686,276,true
520,938,false
760,897,true
566,95,false
671,306,true
267,280,true
842,13,false
250,282,true
27,609,true
989,842,false
581,790,true
721,689,false
283,257,false
125,434,true
15,448,false
662,603,false
696,866,false
410,545,true
834,21,false
4,43,false
192,83,true
340,411,true
345,268,true
623,84,false
390,708,false
248,303,true
796,676,false
190,905,true
516,592,true
175,545,false
938,972,false
134,275,true
262,903,false
325,59,false
544,851,true
138,61,true
517,527,true
729,978,false
429,194,false
931,109,false
14,30,true
264,722,false
729,232,true
289,538,false
228,935,false
315,388,true
426,914,true
340,297,true
779,765,false
254,484,false
17,512,true
74,849,false
957,529,false
629,822,false
776,628,false
977,218,false
6,637,false
525,35,false
624,670,false
424,865,true
678,516,true
463,461,true
372,617,true
589,352,true
515,976,true
433,265,false
60,868,true
509,426,false
109,428,true
52,455,true
849,40,true
305,759,false
517,288,false
75,207,false
169,640,false
185,794,false
623,866,false
349,457,true
891,700,true
7,31,true
455,539,false
533,146,false
31,397,false
686,589,false
932,748,false
818,484,true
363,49,true
542,535,false
273,197,false
553,37,false
461,344,false
451,72,true
333,311,false
897,227,true
45,479,true
876,896,false
989,280,true
485,275,true
110,38,true
303,912,true
208,320,false
835,250,true
728,636,false
148,819,true
95,314,false
573,111,true
365,662,false
472,929,false
468,44,true
544,893,true
142,330,true
107,430,false
331,21,true
361,125,false
141,934,true
912,865,false
947,763,false
336,837,true
221,120,true
395,323,true
398,219,false
612,139,true
137,263,false
661,562,false
849,177,true
195,583,false
962,257,false
628,573,false
42,38,false
67,626,false
311,176,false
539,587,true
424,670,false
117,458,false
609,757,true
68,176,false
604,837,false
160,299,true
921,246,true
102,296,false
70,114,false
585,121,false
302,1000,true
48,544,false
171,760,false
476,343,true
199,927,false
470,251,true
5,550,false
232,7,true
717,156,false
613,133,false
687,125,true
203,396,true
577,403,false
4,778,false
654,972,true
405,247,true
571,680,true
74,951,false
545,744,false
597,537,true
876,822,true
629,159,false
1000,366,true
223,271,false
189,53,false
256,472,true
146,29,false
403,150,true
916,857,true
87,567,false
4,13,false
8,448,false
77,694,true
939,415,true
2,606,false
285,252,true
16,916,false
997,946,true
83,253,false
298,431,false
6,48,true
460,624,true
791,878,false
516,130,true
576,226,true
244,21,false
476,735,true
118,578,false
373,762,false
210,871,false
563,904,false
787,193,true
261,977,false
346,604,false
341,908,false
78,713,false
204,173,true
237,643,false
259,724,true
361,884,false
588,721,false
79,545,true
551,537,false
345,284,true
634,385,false
121,478,true
122,833,false
269,586,false
946,423,false
595,662,true
210,471,false
223,626,false
475,415,false
363,229,false
69,149,false
606,240,false
897,458,true
528,778,false
389,736,true
266,701,false
289,889,false
564,702,false
433,829,false
264,864,false
246,700,false
848,191,false
634,956,true
283,608,false
842,22,true
344,144,true
759,983,true
842,656,false
1000,641,true
608,229,true
118,860,false
545,34,false
315,326,true
296,224,false
626,642,true
450,95,false
476,893,false
912,785,true
193,193,false
564,434,false
9,489,false
423,799,true
609,164,true
253,391,false
745,172,true
604,216,false
690,776,true
406,95,true
178,795,false
786,736,false
847,794,false
551,811,false
341,818,true
604,300,true
581,808,true
465,547,false
189,59,true
110,959,false
671,650,false
257,913,false
676,981,false
322,430,false
981,595,false
998,439,false
129,649,false
248,250,true
32,973,false
514,9,false
928,519,false
786,388,true
553,483,true
649,212,false
633,288,false
787,662,true
59,582,false
536,457,true
949,233,true
536,83,true
190,549,false
410,883,false
705,821,false
514,517,false
796,212,true
912,700,false
532,898,true
367,751,true
922,183,false
789,434,false
533,838,true
673,692,false
639,269,true
742,352,true
407,714,false
930,962,false
107,584,true
118,101,false
696,985,true
882,188,false
172,45,true
443,842,false
623,753,true
325,143,true
651,861,true
193,255,false
524,675,false
549,785,false
158,802,true
180,130,false
689,512,false
114,131,false
952,33,false
261,996,false
861,12,false
2,323,true
864,638,false
358,993,false
15,290,true
192,611,true
223,813,true
815,964,true
32,89,false
205,825,false
437,368,true
357,124,true
737,537,false
574,810,true
11,919,false
444,544,true
381,614,true
507,343,false
793,468,true
188,914,false
590,854,false
705,702,false
739,145,true
796,236,false
32,113,false
404,346,false
189,33,true
552,946,true
592,355,false
531,548,false
621,302,true
47,210,false
183,928,false
840,519,true
390,28,true
153,10,true
976,409,true
966,835,true
991,799,false
955,121,false
976,53,false
717,561,true
991,523,false
285,791,true
560,583,true
14,749,true
144,318,false
845,891,true
613,348,true
811,609,false
32,214,false
31,933,false
739,600,false
111,978,false
772,287,false
961,875,false
612,30,false
131,515,true
55,126,true
7,113,false
283,785,true
882,1,true
270,468,false
816,887,true
227,962,false
47,735,true
139,593,true
583,412,true
603,290,false
380,798,true
192,46,true
907,775,false
461,228,true
456,815,true
796,280,false
488,574,false
259,18,true
559,961,false
808,169,false
382,956,false
518,779,true
495,413,false
30,304,false
521,742,false
21,418,true
701,443,true
435,364,false
8,882,true
549,278,true
211,249,false
91,71,false
422,942,true
235,113,false
248,856,false
95,59,false
134,899,false
464,883,true
439,674,false
981,189,true
772,624,true
761,856,true
822,478,false
278,620,true
779,876,true
437,778,true
809,952,false
656,417,false
922,74,false
148,914,false
934,742,false
365,454,false
275,24,false
535,884,false
919,884,false
475,83,false
398,452,true
750,165,false
912,758,true
971,342,true
340,777,true
801,454,false
95,509,true
545,230,false
517,326,false
539,799,true
129,540,false
946,81,false
377,541,false
882,97,false
414,295,false
336,569,false
795,918,false
793,276,true
809,430,true
916,209,false
335,601,false
526,351,false
312,317,false
606,42,true
854,976,true
25,974,false
398,56,true
820,285,false
448,220,true
712,88,false
524,401,true
991,665,false
395,930,false
571,708,false
612,977,true
424,869,true
847,551,false
425,88,true
682,135,true
241,956,false
23,860,true
845,877,true
993,133,true
297,113,false
114,692,false
116,76,true
837,249,true
349,364,false
961,937,true
300,262,true
650,32,true
270,823,false
978,606,false
686,537,true
834,80,true
471,894,false
182,737,false
796,142,true
84,226,false
475,872,true
23,408,false
974,106,true
490,623,false
259,610,true
425,180,true
197,446,false
598,459,false
264,870,false
943,89,false
732,687,false
642,738,true
533,991,true
625,131,true
822,884,false
631,76,false
622,948,true
568,983,false
677,71,false
45,272,true
98,997,false
244,119,true
971,111,false
838,85,false
892,315,true
268,308,false
419,77,true
411,307,false
454,869,false
944,187,false
162,40,true
664,993,false
279,869,false
678,145,false
339,964,false
244,711,false
567,719,false
402,60,false
518,210,false
874,770,false
295,493,false
533,545,false
460,828,false
369,418,false
626,996,false
571,997,false
217,865,true
866,402,true
448,992,false
257,753,false
92,713,true
631,243,true
855,376,false
876,906,false
857,565,true
16,923,true
16,198,false
743,944,false
263,641,false
791,940,false
867,942,false
883,413,false
956,419,false
217,656,true
270,35,false
38,390,false
699,500,true
191,84,false
260,471,true
948,506,false
873,406,false
439,376,false
689,718,true
710,627,true
300,361,false
623,965,true
747,751,true
711,522,false
514,399,false
585,94,false
623,363,true
715,448,false
646,782,true
600,937,false
257,904,false
416,18,false
76,517,false
555,973,false
175,566,true
488,590,false
992,984,true
344,42,false
890,333,true
962,529,true
289,407,false
290,461,true
833,927,true
931,682,false
212,742,false
380,725,false
580,25,true
864,692,false
459,1000,false
700,39,true
371,390,true
59,97,false
645,691,false
169,965,false
776,493,true
990,794,true
873,82,true
769,45,true
769,36,false
531,130,true
835,396,false
960,924,true
585,342,true
559,552,false
864,555,true
93,181,true
799,646,true
520,708,true
162,984,true
838,990,false
791,747,false
191,694,false
159,547,false
832,965,false
311,183,false
532,924,true
416,361,false
636,433,false
769,725,false
544,496,false
540,949,true
790,869,false
485,265,false
675,347,true
401,692,false
586,551,true
526,773,true
395,266,false
625,254,false
629,197,false
535,669,true
60,338,false
730,576,false
979,4,true
580,716,false
780,87,false
510,940,false
669,353,false
511,452,true
419,699,false
987,111,false
171,78,false
23,515,false
815,522,true
472,319,true
603,767,true
597,903,false
334,577,false
327,379,true
498,144,false
383,160,false
965,683,false
345,693,false
248,984,false
205,57,false
86,415,false
515,65,true
886,820,true
621,601,true
134,620,false
7,413,false
587,577,true
74,296,false
9,316,false
317,998,false
457,173,false
944,736,false
913,540,true
487,683,true
414,595,false
34,175,false
373,193,true
138,438,true
949,638,false
963,331,true
675,123,false
977,681,true
480,863,true
198,273,true
34,398,false
645,935,false
412,585,false
946,950,false
19,868,false
599,764,false
461,632,false
677,955,false
228,913,false
886,323,false
779,787,true
365,754,false
2,315,false
279,399,false
553,381,false
867,58,false
7,255,false
32,781,false
246,545,true
724,980,false
971,451,false
967,15,false
784,160,true
392,584,true
481,713,false
969,300,false
844,671,true
335,211,false
315,860,false
32,671,true
875,819,false
78,949,true
761,687,false
822,419,false
971,473,false
486,975,false
976,71,false
43,455,true
228,612,false
675,466,true
279,302,false
436,555,true
93,6,false
392,942,true
389,840,false
669,1000,false
236,593,false
505,266,false
720,988,true
378,330,true
681,724,false
886,530,false
734,473,true
269,571,false
806,216,false
449,964,false
531,127,true
407,121,false
421,734,false
426,944,false
264,904,false
82,868,false
751,912,true
257,245,true
270,398,false
431,598,true
375,616,false
1,482,false
278,472,true
105,174,false
579,855,false
962,932,false
507,430,false
844,508,true
916,727,false
300,903,true
739,755,true
564,888,false
643,666,false
770,306,false
163,821,false
735,535,false
631,88,false
209,101,false
445,650,false
57,378,false
457,582,true
655,269,true
546,149,false
840,657,false
687,754,false
270,348,false
558,661,false
585,245,false
109,790,false
822,438,false
544,921,true
341,281,false
994,316,false
720,29,false
120,830,false
806,578,false
228,167,false
877,199,false
840,951,false
270,271,false
209,311,false
172,788,false
436,100,true
996,954,true
379,645,false
104,164,false
55,364,false
760,939,false
806,284,false
334,725,true
61,353,true
857,830,false
216,540,false
328,273,true
786,230,false
851,132,true
530,607,true
791,962,false
916,573,true
290,557,false
943,739,false
779,756,false
449,372,false
931,108,false
676,823,true
191,20,false
106,32,false
662,187,false
520,398,false
26,288,false
830,360,false
357,501,true
209,291,false
550,221,true
368,628,false
911,183,false
535,483,true
801,541,true
9,381,false
171,128,false
162,529,false
576,324,true
598,446,false
871,834,false
285,568,false
99,100,true
543,732,false
715,23,false
273,753,false
560,818,false
283,310,true
854,838,true
178,864,true
208,503,false
938,192,false
216,139,true
917,804,true
105,338,false
302,391,false
587,320,false
244,432,false
412,276,false
584,686,true
956,252,false
367,190,true
232,398,true
738,516,false
92,384,false
838,440,true
562,641,false
670,102,true
128,196,true
511,117,false
634,823,false
337,969,false
436,438,true
312,160,false
74,41,false
837,660,true
90,441,false
590,191,false
202,706,false
699,806,false
526,461,true
879,324,true
866,99,false
769,860,false
379,719,false
786,954,false
2,6,false
466,574,false
594,268,false
586,860,false
263,413,true
476,78,false
395,979,true
152,988,true
69,982,false
777,737,true
894,975,true
932,720,false
515,677,false
844,29,false
878,596,false
543,183,false
830,925,false
963,449,false
255,739,false
590,523,false
48,188,true
516,339,true
212,653,true
395,535,false
555,654,true
158,385,true
815,868,false
217,194,true
492,442,false
382,833,true
732,104,false
717,403,true
794,162,false
295,510,false
301,228,false
510,119,false
264,644,false
103,661,false
363,540,true
303,933,false
482,336,false
87,238,false
406,879,false
663,966,true
634,193,false
444,237,true
315,666,true
14,106,false
808,377,false
576,793,false
424,876,true
546,244,false
763,418,false
986,269,false
237,461,true
649,742,false
907,684,true
134,92,false
312,364,false
568,892,false
909,714,true
196,816,false
381,268,true
758,228,false
476,926,false
922,214,false
905,232,false
570,563,true
808,80,false
559,703,false
635,782,false
6,436,true
135,206,false
302,233,false
538,734,false
669,24,true
209,629,true
247,623,true
252,543,false
75,884,true
446,523,false
856,442,false
861,761,false
83,909,false
679,330,true
751,943,true
344,550,false
964,499,true
808,143,false
630,577,true
604,622,false
414,463,true
466,680,true
211,134,false
216,578,false
507,693,true
486,564,false
873,747,true
242,97,false
883,375,true
267,230,true
967,932,false
997,430,false
79,670,false
505,253,true
971,112,false
951,560,true
235,839,false
905,857,false
568,138,true
731,758,false
115,436,true
581,747,true
673,506,true
213,651,false
581,587,false
640,660,true
354,307,true
82,557,false
917,448,false
42,741,true
318,372,false
441,358,false
567,459,true
607,128,false
892,541,false
189,680,true
171,930,true
104,694,false
472,15,true
91,81,false
688,478,true
263,43,true
995,437,true
232,174,true
761,158,true
854,193,false
13,325,false
667,395,false
819,756,true
402,600,true
736,452,false
637,495,true
321,109,false
618,774,true
558,792,true
382,900,false
425,198,true
840,80,true
276,813,true
448,513,true
146,722,false
191,518,true
450,194,false
210,42,true
389,136,false
210,303,false
808,780,false
76,799,false
633,824,false
242,459,true
368,404,false
168,174,true
953,176,false
25,683,false
385,36,false
464,691,false
395,825,false
43,628,true
608,443,true
228,549,false
855,64,true
714,879,false
670,39,false
879,681,true
17,362,false
985,502,false
882,990,true
904,654,true
710,149,true
699,537,false
739,620,false
465,601,true
820,929,false
829,295,false
229,130,false
886,312,false
773,484,true
615,639,false
435,469,true
466,940,false
522,441,true
381,371,false
520,194,false
688,552,false
770,647,false
247,724,true
212,983,true
13,184,false
224,352,false
242,631,true
38,136,false
378,639,false
542,214,false
57,430,false
383,138,false
269,367,false
676,323,true
196,516,false
459,843,false
99,620,false
670,848,false
542,820,true
719,302,false
700,50,true
835,808,false
77,377,true
681,36,false
785,81,false
526,764,false
280,547,false
963,267,true
703,685,true
453,349,true
75,491,true
311,801,false
175,382,false
685,487,true
952,432,false
582,604,false
472,71,false
497,150,false
932,293,true
678,221,false
217,883,false
861,633,true
180,69,false
310,629,false
742,237,false
217,71,true
989,154,true
212,178,false
198,288,false
285,398,false
868,585,false
522,974,true
801,873,false
171,209,true
421,18,false
274,860,false
212,515,false
418,516,true
524,662,false
915,587,false
216,391,true
880,366,false
58,346,true
606,842,true
169,590,false
966,589,true
165,420,true
90,664,false
856,470,true
640,110,false
773,888,false
86,660,false
186,351,false
224,627,false
314,390,true
625,42,false
761,467,false
686,114,true
465,101,false
333,581,true
129,352,false
860,114,true
410,547,false
971,293,true
405,765,true
180,809,false
724,939,true
155,962,false
586,272,false
110,915,false
158,600,false
70,80,false
149,21,true
609,793,true
964,88,false
790,641,true
220,748,false
108,35,false
628,705,true
235,283,false
825,709,true
233,819,false
556,410,false
459,619,true
196,367,true
861,287,true
426,989,true
854,762,false
850,730,false
214,643,true
917,612,true
111,496,false
719,646,true
392,422,false
509,30,false
563,348,true
770,753,false
117,511,false
217,507,false
454,77,true
839,939,true
523,195,false
262,265,false
250,769,false
231,656,false
104,941,true
569,113,true
429,123,false
664,398,true
522,236,true
667,618,true
442,979,true
438,324,true
733,239,true
254,296,true
645,577,true
148,143,false
676,383,true
470,896,false
398,785,false
895,579,true
197,798,false
895,29,false
153,670,true
84,549,true
952,22,false
7,787,false
930,537,false
83,817,true
452,471,false
45,220,false
123,872,true
43,888,true
341,709,false
3,37,false
916,225,false
385,894,true
625,105,false
310,308,false
997,835,true
117,211,true
579,73,false
191,416,false
60,874,false
701,488,false
687,885,true
373,992,false
87,308,true
258,562,false
972,290,true
524,833,false
270,722,false
816,871,true
952,719,false
5,690,true
109,925,false
42,972,false
40,629,false
8,896,true
591,566,true
661,267,true
890,453,false
349,790,false
988,313,true
761,552,false
454,823,false
824,257,false
553,780,true
65,337,false
800,510,false
699,726,false
711,322,true
337,313,true
367,709,false
725,126,false
567,347,true
236,96,true
807,300,true
569,732,true
503,516,true
490,109,false
7,480,false
514,340,false
903,695,false
574,251,false
391,281,false
826,168,true
690,469,true
860,659,true
606,919,false
105,721,true
6,250,false
914,432,true
514,931,true
115,874,true
314,777,false
952,397,false
325,622,false
623,481,true
524,691,true
576,469,false
791,833,false
770,925,false
68,125,false
855,756,false
429,858,false
149,587,true
163,855,true
92,490,false
16,749,false
957,577,true
903,770,false
894,154,false
165,485,false
802,492,true
109,751,false
74,417,true
684,98,true
851,252,true
545,727,true
190,484,true
520,549,false
212,586,true
1,679,true
922,126,false
53,442,true
327,902,true
561,506,false
920,345,false
994,480,false
259,296,false
613,43,false
44,646,true
606,928,true
260,395,false
761,175,false
986,43,true
446,751,false
832,334,false
977,825,true
595,382,true
184,476,false
85,739,false
187,106,true
82,660,true
259,530,false
198,695,true
334,631,false
329,467,false
8,733,false
876,799,false
533,350,true
152,703,true
586,210,false
153,608,false
223,446,false
364,709,false
721,834,false
696,58,false
54,104,false
317,669,false
20,216,false
471,903,false
146,861,false
149,344,false
622,393,true
583,931,true
328,542,true
18,975,true
454,42,true
595,779,true
198,533,false
187,285,false
327,347,true
465,553,true
80,664,true
680,689,false
915,845,true
194,868,false
674,684,false
539,653,false
577,536,true
961,145,false
23,590,false
882,550,true
650,319,false
904,413,false
252,957,true
82,50,false
877,574,false
838,621,false
285,586,true
328,652,true
559,194,false
303,462,true
214,735,false
895,744,true
674,192,false
6,64,true
95,113,true
521,47,true
487,466,false
431,965,true
98,443,false
765,697,false
11,163,false
478,158,true
528,52,false
43,825,false
325,927,true
14,156,true
295,9,true
895,564,true
242,905,true
62,648,false
731,349,false
751,127,false
364,147,true
728,994,false
358,113,true
499,797,false
580,33,true
468,82,true
934,956,true
105,452,false
462,457,true
268,356,false
265,511,false
965,261,false
449,613,true
142,531,false
186,734,false
202,578,true
504,377,false
842,98,false
468,568,false
519,115,false
729,495,false
894,125,false
176,683,false
599,104,false
795,898,true
738,497,false
533,136,false
314,809,true
103,524,false
122,125,false
815,325,false
187,433,true
450,825,false
808,77,true
822,635,true
123,623,false
224,72,false
639,68,false
625,303,true
835,372,true
514,454,true
860,569,true
49,715,true
992,141,false
176,155,false
685,240,true
481,340,true
745,266,false
302,871,false
520,719,false
405,13,true
242,971,false
678,150,false
465,413,false
205,512,false
890,779,true
991,463,true
32,53,false
405,947,false
419,692,true
59,116,false
252,95,false
290,60,false
219,766,false
706,968,true
791,156,false
909,168,false
850,968,false
591,388,false
691,719,true
960,618,true
597,650,false
968,565,false
810,199,true
964,753,false
509,879,true
971,59,true
316,91,true
485,76,false
654,161,false
844,653,false
664,89,false
419,611,false
806,76,false
679,234,true
941,475,false
120,216,false
259,897,false
331,25,true
807,276,true
688,661,false
183,236,false
565,193,false
357,456,false
971,761,true
91,405,false
594,312,false
703,213,true
770,430,false
899,13,false
544,544,false
45,994,true
280,128,true
193,259,true
948,24,true
838,368,false
972,347,true
478,305,true
567,656,false
270,881,true
629,409,false
468,74,false
773,231,false
77,60,false
406,824,false
906,51,false
85,606,false
790,374,false
298,330,false
737,12,false
329,245,false
869,938,true
894,747,true
414,309,false
182,24,false
100,230,true
965,824,false
566,783,true
461,887,false
235,323,false
208,355,true
424,977,true
434,753,false
311,64,false
8,728,false
988,792,true
364,361,true
2,331,true
109,100,true
953,652,true
827,842,false
996,680,true
401,765,false
377,421,false
740,544,true
268,932,true
819,113,true
700,716,false
655,469,true
729,894,false
719,645,true
837,352,true
941,385,false
167,498,false
703,753,false
466,60,false
480,242,true
455,837,false
732,536,false
969,835,true
26,736,false
779,786,false
721,114,false
185,344,false
860,321,false
202,653,true
61,930,true
327,445,true
84,313,false
364,779,true
107,310,false
82,584,false
649,768,false
657,887,true
176,749,false
805,950,true
373,93,false
349,410,false
720,30,true
728,112,false
239,23,false
273,419,true
925,508,true
790,692,false
728,149,true
695,203,true
466,817,false
108,980,false
99,183,false
187,583,false
620,73,false
825,214,false
180,854,false
922,935,false
171,159,false
568,661,true
971,30,false
84,378,true
30,596,true
619,351,true
57,897,false
288,774,false
426,489,false
717,191,false
275,763,false
478,988,false
3,18,true
16,91,true
1,102,true
539,202,false
919,353,true
625,565,true
192,374,false
457,561,false
849,905,false
977,134,false
341,31,true
57,543,false
997,451,false
917,389,false
848,896,false
44,497,false
522,449,true
390,191,true
629,576,false
93,381,true
326,999,false
162,924,false
750,869,true
121,933,false
851,185,true
380,315,false
891,892,true
173,991,false
341,101,false
470,427,true
708,577,true
913,453,true
915,571,false
344,684,false
671,880,false
298,994,true
231,769,false
917,323,true
684,195,false
336,515,true
634,164,true
439,333,true
429,350,true
224,754,false
225,925,false
45,120,true
109,748,false
498,891,true
994,880,false
208,202,false
826,862,false
570,934,true
422,370,true
121,415,true
97,348,false
791,758,false
599,290,false
748,359,true
934,983,true
67,936,false
259,627,false
783,910,false
820,880,false
811,330,true
516,274,true
93,643,false
526,392,false
43,177,true
310,175,true
275,822,false
27,696,false
943,662,true
940,310,false
688,895,true
890,322,false
341,581,true
682,916,true
135,875,true
266,739,false
3,30,true
86,777,true
758,47,false
506,98,false
276,856,false
618,651,false
466,451,true
819,575,false
395,765,true
802,309,false
314,885,false
497,230,false
815,44,true
866,114,true
283,423,false
62,834,false
300,127,false
436,287,true
784,838,false
11,564,false
281,626,false
946,731,false
482,241,true
527,262,false
391,698,false
413,307,false
932,608,false
669,758,true
410,351,true
212,848,false
758,482,false
375,304,false
901,667,true
244,588,false
816,58,false
809,778,false
947,304,false
674,859,false
507,120,false
429,989,true
25,161,false
511,81,false
546,122,true
398,583,false
459,826,true
734,913,false
363,601,true
138,500,true
681,206,false
963,460,false
569,502,false
423,683,true
232,595,true
765,256,false
287,394,false
424,756,true
3,808,false
226,901,false
699,739,true
971,16,false
610,269,false
591,261,true
165,27,false
340,244,false
657,324,true
191,597,true
875,140,false
183,76,false
245,787,false
949,460,false
16,810,false
320,131,false
14,195,false
356,159,false
915,591,true
333,799,false
180,283,true
240,633,true
921,540,true
367,568,false
505,334,true
854,735,true
860,697,false
44,19,true
772,802,false
868,95,false
311,96,true
655,278,false
48,660,true
188,448,false
789,223,true
322,379,false
640,160,false
139,186,true
811,72,true
47,829,true
543,353,true
562,103,true
442,363,true
231,591,false
435,405,true
1000,515,true
497,581,false
539,622,false
760,981,true
618,390,true
402,585,false
842,973,false
30,838,false
669,356,false
527,32,true
760,70,false
62,884,true
775,987,false
485,448,true
225,710,true
877,456,false
912,935,false
864,40,true
450,216,false
558,416,false
444,554,false
890,418,true
675,591,false
564,632,true
290,447,false
233,107,false
971,794,false
259,822,false
598,47,false
319,985,true
196,962,false
549,929,true
162,959,false
667,223,true
962,371,false
470,411,true
849,901,false
789,347,true
946,173,true
457,905,false
105,841,false
532,82,false
198,674,false
682,943,true
233,816,true
463,681,false
511,527,true
183,230,false
421,439,true
149,763,true
966,841,false
397,473,false
622,295,true
248,862,false
928,788,false
918,754,true
540,837,true
701,216,true
837,639,false
275,578,false
126,575,true
12,286,false
410,371,false
331,141,false
179,975,true
180,504,false
949,216,false
275,885,false
407,208,true
68,272,true
134,478,false
558,70,false
570,427,true
583,348,false
932,439,true
429,939,false
673,773,false
397,851,true
471,787,true
658,872,false
418,521,true
208,681,true
700,887,false
391,138,false
334,375,true
688,294,true
845,201,false
9,508,true
280,404,false
402,216,false
273,700,true
42,529,false
538,437,true
159,808,true
98,83,false
459,552,false
925,279,false
464,787,true
750,395,true
699,713,true
329,541,true
225,887,true
514,479,true
195,693,false
651,126,false
60,337,true
879,814,false
743,481,false
669,921,true
248,503,true
470,67,false
777,526,true
175,536,false
19,265,true
167,255,false
300,124,false
255,927,false
51,444,false
165,926,false
54,501,false
191,558,true
76,738,true
45,2,false
591,531,false
654,30,true
289,480,false
882,564,true
290,496,false
469,413,true
244,239,false
472,183,false
340,694,false
911,602,true
807,702,false
245,90,false
452,757,false
281,526,true
12,930,false
100,693,false
661,331,false
105,952,false
361,957,true
419,462,false
588,309,true
468,826,true
424,899,true
254,884,true
109,156,false
510,90,true
944,254,false
945,666,true
68,761,true
626,761,false
329,534,false
223,279,false
349,251,true
911,564,false
714,261,false
993,442,false
837,208,false
669,332,true
260,347,false
285,898,true
472,97,false
590,241,false
466,723,true
949,621,true
955,783,true
386,517,false
460,804,false
123,263,false
391,79,false
457,149,false
619,573,false
19,131,false
787,101,false
76,8,false
894,914,false
856,753,false
811,123,true
995,960,false
93,15,false
448,558,true
866,117,false
443,922,true
391,270,false
395,404,false
878,321,true
847,514,false
786,6,false
838,198,false
248,660,false
593,113,false
424,644,false
391,932,true
398,260,true
861,621,true
883,279,false
17,21,false
192,554,true
261,310,false
717,976,false
987,813,true
294,589,true
229,298,false
607,956,true
919,757,false
27,94,true
915,860,true
174,216,false
170,150,true
20,799,false
425,623,false
198,786,false
467,612,true
43,668,true
434,574,false
59,228,true
49,827,true
25,805,false
325,915,false
721,325,false
943,949,false
921,998,true
576,224,false
505,201,false
607,639,false
65,608,false
693,741,false
290,882,true
512,277,true
57,461,true
61,525,true
642,277,false
356,577,false
992,833,false
298,298,true
363,282,false
967,412,false
897,57,false
303,114,true
80,671,false
545,516,true
414,995,true
91,128,false
85,221,true
465,859,false
169,69,false
165,656,true
1000,400,false
968,751,true
536,58,false
84,714,false
770,220,false
415,677,true
146,483,false
340,713,false
176,493,false
714,777,true
264,269,false
582,808,false
634,472,true
317,358,false
14,267,true
294,821,true
450,848,true
674,10,false
639,539,true
402,309,true
574,146,false
765,274,false
714,169,false
211,66,true
623,882,true
361,953,true
645,546,true
497,897,false
585,878,false
873,141,true
703,66,true
794,831,false
197,976,true
274,966,false
802,805,false
528,393,false
712,837,true
413,62,false
870,341,false
946,688,false
822,61,true
544,518,true
836,382,false
25,769,true
795,37,true
625,435,false
890,762,false
223,624,false
477,804,false
555,206,true
404,632,true
855,226,true
471,507,false
399,831,true
834,677,false
837,115,false
397,538,false
360,353,false
667,960,false
609,249,false
414,80,true
675,345,true
669,622,true
888,91,false
936,225,true
877,35,true
569,493,false
79,615,false
3,322,false
790,292,true
318,519,false
806,962,true
83,261,false
521,947,false
307,836,false
315,605,true
922,838,true
703,498,true
19,353,true
933,323,false
21,588,true
737,401,false
854,427,false
894,968,true
168,249,true
358,438,true
629,689,true
613,172,true
488,269,true
415,109,false
213,839,true
529,151,true
416,577,false
204,948,true
11,648,false
883,423,false
934,423,false
456,542,false
805,517,true
363,649,true
685,168,false
360,181,false
785,742,true
463,713,true
618,728,false
607,519,false
580,775,true
752,97,false
835,727,false
401,923,false
390,823,false
521,67,false
741,605,true
725,863,false
445,481,true
838,316,false
786,597,true
691,793,false
235,235,false
650,638,false
305,67,false
538,515,false
320,946,true
3,602,false
956,642,false
834,869,true
903,877,false
779,190,false
475,91,false
60,719,false
76,418,false
62,355,true
807,153,false
189,118,false
80,16,false
609,985,true
788,871,true
239,749,false
992,305,false
328,847,false
57,970,false
55,348,true
82,210,false
512,259,false
487,211,false
385,531,false
953,399,false
416,431,false
545,898,false
680,374,false
639,401,true
521,235,false
182,428,false
128,22,true
730,963,true
604,749,false
507,996,true
919,865,false
227,595,false
840,573,true
497,796,false
693,65,false
677,174,false
5,225,true
607,429,false
47,269,false
809,512,false
634,444,true
587,51,false
531,99,false
515,199,true
135,479,false
788,608,true
819,515,true
252,829,false
139,694,false
361,856,false
731,471,false
89,969,true
252,911,false
371,328,false
471,115,true
38,958,false
302,86,false
396,106,false
540,194,false
167,844,true
224,762,true
970,950,false
520,976,true
799,15,false
856,991,true
480,30,false
522,615,true
856,578,true
581,915,false
52,866,true
340,838,false
690,756,false
248,378,false
69,672,false
13,699,false
757,651,true
892,615,true
565,403,false
108,10,false
638,926,false
124,675,true
334,675,true
402,391,false
609,314,true
952,367,false
636,843,false
719,980,false
16,314,false
732,233,false
482,968,false
970,713,true
515,87,false
429,243,true
560,629,false
546,118,true
51,869,false
598,725,false
625,491,false
678,119,true
935,441,false
760,34,true
923,820,false
518,475,false
633,905,false
956,251,false
336,490,false
378,816,true
231,170,false
729,549,false
25,536,false
948,64,true
213,223,false
231,224,false
346,876,false
118,700,false
382,23,true
330,803,true
165,202,true
618,154,true
105,857,true
128,824,false
594,840,false
639,681,true
446,424,false
851,481,false
285,523,false
365,139,false
420,42,false
270,369,false
510,33,false
710,572,true
993,134,true
32,747,true
596,100,false
531,312,false
522,56,false
452,149,false
178,686,true
351,294,true
676,37,true
347,813,false
726,38,false
279,118,false
791,412,false
108,178,false
540,673,true
864,394,true
17,682,false
311,915,true
757,652,true
1000,239,false
968,306,true
424,835,true
801,163,true
89,316,true
945,556,false
580,118,false
691,429,false
466,479,false
131,481,true
13,394,false
203,956,false
170,435,true
265,925,false
628,636,false
146,830,true
993,587,false
312,957,false
976,997,false
897,264,true
840,410,false
103,146,false
742,82,false
990,400,true
278,373,false
418,247,false
451,540,false
849,406,true
195,660,true
947,464,false
330,116,false
210,359,false
570,3,true
544,91,true
14,848,true
78,960,false
600,286,true
957,866,true
68,234,false
284,347,false
187,982,false
110,896,false
559,303,true
303,741,false
735,259,false
809,825,false
258,535,false
433,804,false
499,318,true
441,869,true
544,580,false
180,755,false
191,301,true
411,255,false
153,366,false
934,247,true
906,229,false
358,208,true
61,679,false
510,77,true
294,354,true
779,358,false
448,221,true
40,165,false
737,35,false
793,509,false
403,192,false
18,123,false
576,436,false
989,60,false
45,246,false
264,482,false
506,599,false
374,466,false
210,753,true
27,166,true
636,314,false
842,526,false
571,8,false
850,997,false
237,612,false
325,639,false
124,507,true
223,835,false
568,485,false
74,876,true
822,206,true
152,311,false
743,763,false
198,110,false
328,661,false
925,39,true
643,743,true
882,81,false
758,981,true
341,219,false
582,476,false
344,859,true
603,227,false
194,338,true
644,921,true
931,141,true
512,355,false
211,232,false
943,898,false
914,637,false
318,53,false
703,796,false
528,505,true
372,321,false
978,544,true
725,430,true
816,536,true
775,710,false
582,256,false
845,114,false
959,774,false
231,126,true
628,974,false
553,901,false
242,846,false
899,587,false
195,332,false
169,534,true
310,466,true
940,113,true
155,691,false
811,824,false
328,361,true
719,143,false
49,998,true
364,996,false
431,596,false
255,407,false
991,507,true
559,140,false
736,87,false
530,779,true
125,164,false
59,870,false
31,726,true
232,314,false
686,713,false
583,543,true
172,540,false
769,379,false
736,931,false
765,384,false
882,874,true
827,34,true
904,484,false
106,588,false
312,149,false
3,942,false
565,468,true
467,75,true
60,978,false
236,451,false
197,28,false
730,284,false
819,536,false
936,150,true
542,4,true
273,49,true
805,336,false
279,663,false
741,831,true
480,838,false
106,144,true
414,571,false
624,35,false
290,287,false
89,865,false
467,830,true
153,324,true
620,884,false
312,286,false
270,342,false
116,486,true
715,859,true
104,215,false
157,849,true
152,658,false
542,224,false
153,596,false
231,728,true
629,547,false
875,343,true
864,725,false
85,450,true
742,45,true
758,701,false
176,882,false
882,404,true
977,629,true
605,920,true
591,690,true
682,395,true
700,401,true
192,883,true
880,422,true
518,635,false
510,87,false
160,323,true
389,332,true
911,324,false
995,729,true
412,766,false
981,33,true
883,752,false
144,970,true
708,375,true
918,62,true
827,178,false
276,576,false
76,892,false
848,943,true
526,679,true
48,884,false
358,114,false
805,705,false
294,707,true
1,526,true
20,820,true
269,236,true
748,466,true
61,290,true
533,785,false
268,573,false
339,725,false
120,54,true
507,54,true
523,890,true
267,242,true
868,904,false
779,198,true
660,742,false
372,559,false
466,863,false
54,342,true
372,63,false
981,923,false
678,545,false
863,699,false
714,17,true
18,413,false
825,65,false
640,605,false
460,128,false
149,790,false
909,938,false
498,456,false
302,640,true
114,358,true
844,923,false
97,710,false
209,581,true
153,261,true
477,825,true
497,330,false
946,549,false
768,772,false
443,228,false
763,744,false
522,188,false
743,717,false
392,430,false
441,467,false
159,640,false
700,499,false
517,146,true
941,694,true
281,6,false
34,528,true
741,430,false
291,496,true
891,808,true
976,152,false
434,658,false
225,840,true
860,414,false
89,848,false
108,359,true
735,987,false
852,407,false
5,68,true
768,202,true
269,325,true
367,504,true
589,34,false
182,163,false
95,690,true
995,746,true
599,784,false
225,479,false
646,753,false
784,648,false
721,647,true
290,270,true
743,782,true
623,672,false
731,965,false
531,549,true
506,850,true
302,463,true
625,697,true
911,701,false
645,413,false
51,24,false
317,666,false
717,603,true
938,567,true
916,165,true
83,851,true
124,850,false
414,671,true
532,522,true
204,537,true
121,309,true
920,496,true
212,478,false
671,588,false
436,431,false
439,295,true
97,691,false
499,807,false
18,961,false
138,153,true
406,450,false
105,295,false
447,239,true
928,72,true
512,264,true
5,601,false
556,835,true
316,938,false
875,864,false
76,663,false
327,53,true
623,168,false
945,489,true
219,10,false
861,473,false
514,156,false
25,262,false
76,103,false
348,47,true
583,458,true
971,776,false
214,613,false
907,239,true
714,322,false
747,515,false
436,449,false
777,962,false
80,318,false
137,961,true
742,420,true
734,447,false
146,319,false
373,107,true
221,169,false
823,128,false
515,876,true
78,827,false
93,305,true
360,81,true
971,317,true
821,234,true
296,382,false
1,188,false
227,662,false
302,106,true
583,324,true
73,412,false
952,502,true
747,652,true
661,72,false
392,244,true
546,599,true
139,193,false
246,225,true
967,396,false
511,223,true
912,649,false
347,925,false
257,677,false
194,106,false
802,581,false
872,964,true
301,86,false
738,135,false
420,773,true
882,905,false
340,905,false
160,246,false
42,843,false
560,354,false
69,408,false
510,174,false
505,287,false
403,744,true
379,496,false
806,455,true
444,770,false
512,37,false
870,288,true
182,828,false
981,698,false
651,401,false
783,930,false
854,123,false
952,26,false
545,348,false
603,144,false
963,792,true
899,380,true
912,888,false
620,479,false
949,661,true
437,520,false
392,1,false
128,782,false
842,161,false
729,155,false
195,392,false
43,412,false
487,628,true
654,270,false
848,751,true
339,481,true
235,719,false
639,746,true
747,227,false
54,40,false
958,787,false
460,152,false
528,128,false
257,311,true
205,532,false
609,436,true
740,756,false
167,361,false
994,597,false
703,559,true
735,666,true
326,863,true
772,6,false
708,846,false
195,689,false
735,191,false
167,583,false
89,3,false
536,836,false
410,753,true
87,902,false
120,229,true
367,964,true
229,176,true
46,205,true
149,385,true
640,327,false
615,36,true
358,945,false
482,54,false
287,906,true
167,38,true
724,755,false
87,279,true
667,534,false
960,658,false
257,510,true
565,791,false
275,842,false
476,313,true
34,436,false
423,63,false
373,134,false
637,530,false
321,570,false
363,196,true
65,494,false
30,403,true
492,12,false
673,900,false
518,224,true
291,540,true
390,460,true
459,912,false
687,330,false
420,96,false
833,294,false
102,308,true
448,160,true
855,348,false
519,273,false
913,854,true
642,747,true
555,14,false
775,88,true
17,308,true
59,664,true
334,77,true
204,211,false
657,904,false
599,405,false
447,545,true
98,529,true
650,962,false
892,387,false
809,221,false
337,691,false
818,819,true
135,556,false
768,765,false
70,799,true
250,61,false
210,844,false
947,353,true
395,623,true
959,457,false
429,166,false
787,320,false
948,801,true
97,656,false
9,45,true
317,263,false
523,125,false
807,913,false
104,337,false
340,689,false
905,87,false
1000,27,true
211,608,false
289,26,false
955,383,false
556,897,false
535,913,false
375,529,false
187,271,true
462,388,true
703,47,false
864,511,true
939,351,false
577,334,true
505,539,true
317,792,true
877,796,true
619,557,false
110,159,true
488,349,true
748,734,false
316,421,true
654,45,true
246,53,false
449,603,true
662,822,false
182,614,true
690,405,false
369,75,false
210,682,true
40,481,false
447,210,true
386,622,true
868,457,false
433,238,false
629,313,true
186,911,true
837,627,true
640,8,false
413,505,true
970,837,true
380,696,true
78,932,false
930,980,true
157,12,true
732,858,false
472,639,false
167,621,false
399,691,true
842,755,false
570,649,false
945,359,false
589,114,true
936,940,false
195,90,false
901,994,false
193,169,false
18,142,true
802,413,false
914,372,true
886,831,false
772,453,true
799,471,false
241,770,false
195,4,false
834,33,true
667,82,true
738,187,true
110,981,true
543,31,false
933,447,true
871,996,false
200,173,false
608,149,false
97,350,true
319,751,false
280,602,false
559,197,true
75,796,false
675,598,false
777,872,true
883,540,true
532,755,true
869,564,false
949,591,true
361,986,true
907,472,false
298,310,false
169,987,false
21,562,true
540,406,true
574,927,true
832,408,false
991,487,false
357,913,true
765,871,true
337,362,false
76,582,true
121,21,false
487,931,true
415,876,false
844,886,true
368,390,true
867,102,false
801,647,false
106,733,false
657,118,true
17,542,false
374,992,true
609,972,false
757,274,false
956,884,false
629,855,false
152,408,false
209,968,false
69,147,false
840,956,true
330,750,false
931,635,false
259,799,false
664,440,true
966,529,false
460,5,false
922,89,true
60,403,true
768,280,true
267,110,false
217,262,false
866,10,false
285,326,false
516,272,false
139,708,true
938,344,false
53,835,true
187,865,true
794,45,true
471,510,false
89,582,false
873,485,false
739,747,false
437,440,true
897,152,false
180,591,false
739,194,true
584,581,true
230,75,true
931,129,false
965,291,false
796,548,false
498,380,false
375,273,false
12,980,false
949,815,true
175,349,false
682,16,false
274,119,false
671,861,false
567,506,true
788,231,false
294,87,false
194,665,false
645,644,true
728,818,false
640,959,false
940,353,false
687,577,true
618,267,false
621,683,false
279,232,false
114,173,false
260,377,false
262,828,false
657,112,true
625,318,false
82,32,false
925,470,false
589,370,false
15,950,true
126,590,false
264,95,false
134,859,false
45,152,false
274,944,false
4,266,false
281,673,false
993,276,false
32,379,true
467,260,false
294,807,false
48,670,false
934,39,false
258,859,false
331,22,true
787,651,true
152,829,false
620,139,true
335,871,false
991,875,true
139,933,true
221,531,false
637,419,true
179,858,false
588,46,true
989,487,false
820,171,true
103,10,true
314,895,true
870,436,true
571,978,true
472,957,true
248,203,false
686,932,false
104,209,true
631,458,true
818,176,false
742,972,true
106,499,false
320,920,false
52,688,true
815,466,false
78,578,true
849,890,false
482,247,true
904,690,false
279,720,false
461,630,false
263,723,false
773,622,true
470,722,false
953,363,false
254,996,true
465,798,false
726,907,true
138,585,false
454,811,true
965,657,false
584,996,true
612,605,true
340,179,true
866,985,true
823,945,true
461,852,true
475,470,false
439,479,true
60,382,false
21,889,false
968,793,false
670,309,false
974,407,true
967,66,true
153,25,false
970,164,false
263,107,false
562,644,true
864,896,true
261,726,false
255,378,true
618,835,false
391,641,false
338,238,true
550,197,false
278,543,false
649,494,true
514,490,false
742,92,true
78,698,false
266,415,false
710,594,false
414,303,false
4,600,false
67,243,false
811,451,false
970,539,true
705,386,false
728,567,true
18,558,false
204,544,false
892,672,false
291,185,false
110,242,false
564,9,true
336,557,false
19,796,false
599,389,true
51,846,false
699,590,true
879,349,false
820,794,true
669,373,true
381,496,false
461,280,false
281,539,false
559,897,false
186,603,false
30,655,false
726,944,false
270,121,false
830,885,false
955,649,false
141,761,false
194,981,false
895,47,false
600,338,true
620,702,false
567,721,false
525,881,true
442,652,false
433,150,false
365,423,false
84,907,false
857,40,false
986,112,false
144,586,false
402,169,true
503,195,false
279,36,false
974,54,true
129,831,false
224,183,false
751,341,true
454,493,false
715,947,true
124,465,true
391,575,false
636,940,true
247,447,true
819,147,true
556,820,false
357,91,false
911,522,true
398,205,true
255,999,false
215,392,false
205,723,false
758,784,false
874,299,true
990,871,true
27,700,false
524,396,true
209,361,true
34,567,true
662,485,false
457,365,false
944,830,true
847,712,true
129,337,true
506,607,false
497,328,true
850,246,true
477,5,false
892,209,true
655,45,true
385,405,false
360,634,false
634,510,false
796,475,false
313,3,false
475,392,true
591,794,false
671,851,false
443,696,false
316,751,false
519,998,false
57,184,false
960,765,false
677,775,false
974,125,true
137,780,false
439,80,true
936,579,true
128,206,true
646,895,false
955,712,true
153,609,false
439,55,true
395,975,false
963,770,true
735,206,false
77,961,false
210,501,true
646,492,true
874,923,false
600,798,true
431,938,true
818,863,false
240,400,true
758,598,true
104,503,false
65,518,false
14,197,true
142,348,true
741,588,false
168,624,false
863,484,false
205,245,true
290,388,true
867,707,false
418,685,true
447,454,false
488,283,true
868,693,false
405,293,false
689,938,true
13,273,false
187,877,true
787,684,false
83,862,false
259,722,false
47,487,true
969,229,false
360,735,false
678,149,false
699,376,true
320,312,true
941,614,false
21,314,false
460,377,false
226,770,false
296,655,false
925,461,true
455,470,true
938,260,false
866,128,false
204,92,true
7,562,true
701,341,true
412,978,false
912,275,false
604,624,false
576,424,false
464,519,true
517,117,false
258,349,false
233,127,true
70,240,false
137,546,true
182,709,false
724,450,true
569,44,false
620,463,false
124,942,true
790,601,true
182,966,false
588,255,false
339,905,false
938,622,false
214,557,false
99,631,true
60,762,false
568,278,false
245,183,false
26,75,true
667,357,true
928,494,false
233,283,false
485,346,false
620,728,true
421,725,false
512,720,true
736,177,false
341,107,true
410,421,true
24,552,false
305,213,false
566,492,false
834,805,false
449,597,false
216,268,false
879,180,true
634,556,false
637,855,true
569,63,false
480,386,false
445,862,true
503,698,true
521,669,true
6,425,false
336,612,false
219,992,true
751,180,false
4,302,true
575,872,false
642,898,false
558,859,false
874,374,true
177,725,false
235,969,true
160,713,false
947,259,false
939,332,false
351,225,true
105,444,false
221,982,false
276,944,true
294,598,false
789,582,false
504,482,true
589,811,false
876,499,true
542,354,false
650,156,true
505,383,true
568,222,true
241,261,true
545,246,false
848,117,true
135,931,true
241,868,false
809,120,true
321,890,false
622,406,false
269,260,false
822,831,false
979,759,true
470,170,false
459,248,false
589,312,false
7,565,true
178,685,true
403,518,true
265,733,false
725,623,true
141,324,true
258,662,true
104,59,false
390,371,true
296,92,false
947,569,false
435,318,false
848,148,false
840,962,false
444,274,false
124,983,true
593,649,true
693,250,false
553,319,false
933,952,false
586,348,false
720,937,false
385,223,false
401,795,false
415,239,true
966,870,true
521,274,false
739,226,true
107,155,false
74,333,true
575,449,true
422,551,false
472,65,false
15,342,false
79,340,false
909,100,false
407,335,false
80,839,false
465,445,false
901,520,false
40,426,false
492,304,false
495,340,true
521,251,false
838,281,true
297,103,true
117,396,false
577,495,false
215,585,true
981,975,false
471,654,false
372,587,true
345,971,true
79,332,true
341,524,false
487,329,false
915,893,false
969,104,false
23,977,true
784,734,false
245,848,true
225,408,true
215,602,false
514,440,true
644,39,false
504,403,false
628,250,true
77,557,true
262,606,true
245,313,true
477,919,false
171,95,false
422,732,true
169,372,true
795,337,true
470,353,false
30,600,false
875,754,false
629,712,false
435,985,true
375,544,true
973,406,false
725,191,true
686,212,false
506,260,false
770,825,false
969,983,true
806,770,false
669,902,true
124,901,true
374,139,false
888,545,false
679,401,false
894,949,true
834,781,false
338,596,false
437,955,false
341,760,false
203,264,false
586,913,false
203,180,false
148,610,true
125,962,false
5,630,true
330,895,true
300,33,false
593,703,false
398,729,false
518,16,false
891,947,true
953,529,false
2,57,false
684,322,false
520,812,false
909,463,true
75,227,false
2,466,true
904,617,false
811,877,false
70,76,true
687,136,false
768,694,true
588,149,false
658,326,false
820,100,false
603,732,true
520,406,false
515,228,false
347,168,false
195,718,false
620,875,true
559,23,true
354,326,true
726,61,false
785,986,false
410,295,true
246,895,false
564,481,false
612,414,false
8,85,false
962,395,false
991,202,false
772,798,false
485,185,true
188,176,true
870,494,true
337,164,false
144,684,false
441,804,false
110,246,false
792,372,true
141,203,false
838,50,false
751,296,true
426,308,true
210,463,true
579,769,true
102,748,false
881,228,false
280,763,false
919,573,true
180,576,false
52,430,false
989,694,true
454,928,false
877,828,true
839,979,false
268,673,true
444,564,false
509,893,true
881,300,true
960,385,true
796,442,true
405,605,false
822,704,false
509,883,true
345,396,true
689,188,false
958,361,false
294,941,false
583,8,false
682,257,false
619,664,true
31,831,false
289,170,false
881,865,false
822,443,false
375,134,false
419,585,true
708,456,true
620,359,false
191,50,true
402,167,false
779,537,true
429,854,false
790,517,false
469,343,false
58,635,false
952,423,false
856,866,false
46,754,false
327,882,false
604,963,false
608,284,true
82,656,false
237,429,true
590,508,false
68,936,true
606,646,true
670,581,false
197,565,false
402,6,true
24,522,true
671,505,false
229,571,true
216,737,false
229,419,false
413,992,false
185,731,true
247,705,false
177,756,true
231,54,false
363,197,true
546,916,false
599,972,false
525,119,true
421,778,true
867,832,false
553,485,true
182,581,false
250,39,false
802,553,false
357,502,false
266,288,false
273,463,true
261,531,true
654,147,true
726,751,false
144,801,false
485,659,false
637,369,true
735,172,true
546,976,false
777,654,true
315,803,true
970,569,false
931,952,true
372,913,true
960,786,false
240,438,true
426,197,true
546,422,true
126,934,true
834,878,false
514,140,false
153,355,true
608,430,false
260,341,true
170,237,true
941,926,false
638,878,true
721,719,false
406,779,false
288,877,false
13,599,true
255,894,true
639,659,false
185,768,false
77,205,false
354,96,true
579,89,false
442,992,true
965,75,false
231,473,true
587,430,true
953,598,false
423,680,true
182,313,true
925,666,true
287,923,false
26,844,true
193,349,false
358,45,false
469,557,true
46,781,false
314,136,false
437,647,false
431,366,false
739,267,false
569,681,false
901,563,true
892,350,false
382,129,true
183,575,true
344,143,false
269,542,false
971,181,false
823,680,true
52,656,true
650,237,true
391,141,false
734,100,true
270,772,false
459,288,true
349,892,false
38,150,false
443,624,true
642,842,true
638,759,false
279,187,true
634,945,false
800,4,true
269,307,true
60,204,true
14,913,true
410,185,false
968,314,false
188,43,true
899,366,false
871,830,false
109,627,false
115,216,false
636,899,false
210,320,false
895,678,true
603,222,false
520,330,true
604,202,false
660,323,false
868,996,false
506,554,true
434,521,true
418,158,true
215,379,false
553,799,true
256,825,false
242,271,true
364,82,false
861,566,false
944,797,true
236,306,true
939,629,false
618,293,true
436,698,false
395,296,true
86,203,true
787,246,true
724,688,false
958,963,false
268,708,false
956,58,false
637,262,false
67,654,false
303,832,true
615,554,false
670,438,true
553,814,false
163,616,false
211,301,true
923,857,true
818,532,false
643,570,false
612,219,false
995,741,false
328,740,false
1,33,false
732,828,false
829,726,true
517,137,false
742,673,false
944,194,false
555,224,false
138,29,false
595,895,false
48,167,true
328,97,true
891,525,false
79,657,false
590,563,false
901,663,false
269,233,false
960,156,false
988,807,false
106,143,false
170,953,false
842,63,false
111,805,false
8,690,false
684,136,true
307,709,true
416,732,false
422,869,true
248,926,true
183,476,false
411,729,false
6,673,false
175,877,false
48,683,false
529,85,false
322,435,false
985,194,false
47,3,true
280,619,false
974,835,true
193,635,true
682,383,true
168,855,false
530,544,true
523,394,false
421,699,false
684,884,false
868,768,true
760,889,true
521,363,true
439,846,true
745,8,false
446,140,true
158,655,false
174,512,false
330,684,false
436,732,true
658,720,false
466,186,false
182,788,false
844,486,false
250,723,false
453,812,false
826,485,true
958,289,true
395,648,false
757,822,false
469,421,true
829,612,false
710,786,false
793,840,false
698,885,false
268,565,false
955,78,false
524,898,true
331,70,false
276,398,true
318,935,false
596,164,true
685,199,false
987,25,false
70,484,true
182,575,false
544,584,false
712,569,false
886,863,true
115,384,false
855,59,true
176,476,true
252,485,false
711,619,true
847,742,false
708,14,false
247,157,false
375,329,true
270,182,false
559,308,false
93,55,false
170,772,true
919,200,false
801,477,true
23,490,false
424,921,false
976,331,true
198,296,true
