m_type,pathname,c_id
png,Cardguard.png,972
jpeg,Otcom.jpeg,833
mp3,Veribet.mp3,526
png,Holdlamis.png,374
gif,Bitchip.gif,863
png,Ronstring.png,518
mp3,Zathin.mp3,919
jpeg,Greenlam.jpeg,64
mp3,Zamit.mp3,751
mp3,Duobam.mp3,58
png,Holdlamis.png,504
png,Transcof.png,376
gif,Bitchip.gif,150
png,Solarbreeze.png,180
gif,Cookley.gif,754
jpeg,Alphazap.jpeg,458
gif,Trippledex.gif,503
jpeg,Sonsing.jpeg,493
jpeg,Pannier.jpeg,199
jpeg,Span.jpeg,10
mp3,Sonsing.mp3,867
png,Alphazap.png,770
gif,Asoka.gif,116
mp3,Alphazap.mp3,258
jpeg,Ronstring.jpeg,770
gif,Bytecard.gif,681
png,Gembucket.png,772
jpeg,Matsoft.jpeg,172
mp3,Daltfresh.mp3,258
jpeg,Andalax.jpeg,968
mp3,Andalax.mp3,992
jpeg,Transcof.jpeg,866
jpeg,Stringtough.jpeg,621
gif,Hatity.gif,970
gif,Cardguard.gif,586
png,Bitchip.png,268
gif,Daltfresh.gif,807
gif,Flowdesk.gif,688
gif,Voltsillam.gif,106
jpeg,Mat Lam Tam.jpeg,804
png,Latlux.png,957
png,Fixflex.png,503
mp3,Solarbreeze.mp3,822
png,Trippledex.png,728
mp3,Namfix.mp3,411
gif,Quo Lux.gif,279
mp3,Overhold.mp3,656
gif,Quo Lux.gif,869
jpeg,Treeflex.jpeg,5
gif,Ventosanzap.gif,90
mp3,Greenlam.mp3,321
png,Stringtough.png,315
mp3,Konklab.mp3,717
gif,Tin.gif,743
jpeg,Voltsillam.jpeg,59
mp3,Vagram.mp3,762
png,Toughjoyfax.png,186
png,Biodex.png,903
gif,Span.gif,756
jpeg,Keylex.jpeg,990
png,Cookley.png,928
png,Bitwolf.png,301
mp3,Temp.mp3,901
png,Stronghold.png,493
png,Biodex.png,295
gif,Alpha.gif,490
mp3,Bytecard.mp3,53
jpeg,Zontrax.jpeg,609
png,Mat Lam Tam.png,658
gif,Ronstring.gif,318
mp3,Konklux.mp3,333
jpeg,Cardguard.jpeg,347
gif,Y-Solowarm.gif,692
mp3,Tempsoft.mp3,212
gif,Zamit.gif,446
jpeg,Ronstring.jpeg,977
mp3,Overhold.mp3,989
mp3,Stringtough.mp3,814
jpeg,Daltfresh.jpeg,988
gif,Wrapsafe.gif,180
gif,Zamit.gif,981
gif,Bamity.gif,402
gif,Transcof.gif,217
jpeg,Stringtough.jpeg,4
gif,Alpha.gif,195
mp3,Solarbreeze.mp3,274
jpeg,Matsoft.jpeg,449
jpeg,Home Ing.jpeg,864
gif,Gembucket.gif,144
png,Pannier.png,950
jpeg,Y-Solowarm.jpeg,221
jpeg,Hatity.jpeg,179
png,Sub-Ex.png,518
jpeg,Pannier.jpeg,13
png,Andalax.png,704
mp3,Zontrax.mp3,959
mp3,Treeflex.mp3,803
jpeg,Veribet.jpeg,152
gif,Pannier.gif,699
mp3,Wrapsafe.mp3,958
png,Otcom.png,949
mp3,Viva.mp3,724
jpeg,Flowdesk.jpeg,796
mp3,Flexidy.mp3,134
mp3,Voltsillam.mp3,925
mp3,Pannier.mp3,796
mp3,Cardguard.mp3,982
gif,Y-Solowarm.gif,841
png,Tempsoft.png,42
png,Latlux.png,626
gif,Konklab.gif,854
jpeg,Flowdesk.jpeg,218
gif,Redhold.gif,206
gif,Stim.gif,54
jpeg,Zamit.jpeg,935
jpeg,Fintone.jpeg,523
mp3,Bamity.mp3,205
gif,Greenlam.gif,121
mp3,Latlux.mp3,234
jpeg,Lotstring.jpeg,432
jpeg,Alpha.jpeg,997
gif,Ventosanzap.gif,418
mp3,Flowdesk.mp3,157
mp3,Quo Lux.mp3,360
gif,Zaam-Dox.gif,419
jpeg,Tampflex.jpeg,112
mp3,Zaam-Dox.mp3,609
jpeg,Flowdesk.jpeg,810
mp3,Zoolab.mp3,591
jpeg,Temp.jpeg,404
mp3,Y-find.mp3,498
jpeg,Konklab.jpeg,39
gif,Cookley.gif,97
gif,Matsoft.gif,295
gif,Stringtough.gif,657
png,Flexidy.png,3
gif,Fix San.gif,940
jpeg,Y-Solowarm.jpeg,64
jpeg,Stim.jpeg,590
gif,Alphazap.gif,209
png,Fintone.png,455
jpeg,Tin.jpeg,452
jpeg,Alphazap.jpeg,134
gif,Viva.gif,529
jpeg,Greenlam.jpeg,462
gif,Hatity.gif,377
gif,Domainer.gif,937
jpeg,Voyatouch.jpeg,749
jpeg,Fintone.jpeg,318
gif,Y-Solowarm.gif,437
png,Veribet.png,412
gif,Kanlam.gif,901
gif,Overhold.gif,298
jpeg,Fix San.jpeg,214
jpeg,Tresom.jpeg,695
gif,Aerified.gif,927
gif,Holdlamis.gif,988
gif,Asoka.gif,512
mp3,Overhold.mp3,291
png,Flexidy.png,793
png,Sonair.png,716
gif,Cardguard.gif,680
gif,Tampflex.gif,115
png,Zathin.png,469
gif,Zathin.gif,602
png,Redhold.png,461
gif,Bigtax.gif,807
gif,Regrant.gif,859
gif,Wrapsafe.gif,145
gif,Transcof.gif,377
jpeg,Transcof.jpeg,591
gif,Cookley.gif,208
jpeg,Prodder.jpeg,501
mp3,Ventosanzap.mp3,654
gif,Span.gif,123
jpeg,Tres-Zap.jpeg,605
png,Zaam-Dox.png,53
gif,Biodex.gif,24
gif,Rank.gif,847
jpeg,Stringtough.jpeg,361
mp3,Alpha.mp3,491
gif,Bitchip.gif,9
mp3,Job.mp3,505
jpeg,Lotstring.jpeg,183
gif,Transcof.gif,9
png,Span.png,192
mp3,Zamit.mp3,822
png,Latlux.png,823
jpeg,Fix San.jpeg,634
mp3,Alphazap.mp3,566
png,Flowdesk.png,270
png,Wrapsafe.png,922
jpeg,Asoka.jpeg,962
gif,Quo Lux.gif,708
gif,Y-find.gif,837
png,Treeflex.png,281
png,Zoolab.png,359
gif,Cardify.gif,705
jpeg,Ventosanzap.jpeg,479
jpeg,Redhold.jpeg,680
png,Cookley.png,679
gif,Treeflex.gif,863
jpeg,Latlux.jpeg,222
mp3,Bigtax.mp3,456
mp3,Bitwolf.mp3,530
jpeg,Regrant.jpeg,766
png,Treeflex.png,987
png,Aerified.png,411
png,Opela.png,287
gif,Hatity.gif,589
jpeg,Ventosanzap.jpeg,591
png,Namfix.png,82
mp3,Y-Solowarm.mp3,133
png,Redhold.png,678
png,Overhold.png,733
png,Tres-Zap.png,234
mp3,Temp.mp3,814
mp3,Regrant.mp3,662
gif,Hatity.gif,611
png,Otcom.png,121
jpeg,Flowdesk.jpeg,19
mp3,Bitchip.mp3,811
gif,Y-Solowarm.gif,256
mp3,Toughjoyfax.mp3,74
jpeg,Zaam-Dox.jpeg,546
gif,Voyatouch.gif,165
png,Zamit.png,477
jpeg,Prodder.jpeg,536
mp3,Biodex.mp3,306
mp3,Quo Lux.mp3,771
png,Asoka.png,638
gif,Daltfresh.gif,137
mp3,Ventosanzap.mp3,270
jpeg,Vagram.jpeg,870
png,Lotstring.png,955
jpeg,Fixflex.jpeg,636
jpeg,Treeflex.jpeg,537
mp3,Viva.mp3,310
mp3,Gembucket.mp3,830
png,Tampflex.png,556
png,Zathin.png,279
gif,Konklux.gif,628
mp3,Zoolab.mp3,482
mp3,Mat Lam Tam.mp3,825
mp3,Flowdesk.mp3,380
png,Veribet.png,20
mp3,Pannier.mp3,769
png,Matsoft.png,706
gif,Sub-Ex.gif,126
mp3,Treeflex.mp3,787
jpeg,Quo Lux.jpeg,928
gif,Stim.gif,822
jpeg,Zontrax.jpeg,633
mp3,Redhold.mp3,580
png,Duobam.png,821
jpeg,Bamity.jpeg,75
png,Hatity.png,722
png,Voyatouch.png,379
png,Stronghold.png,829
png,Rank.png,755
mp3,Zontrax.mp3,686
mp3,Domainer.mp3,646
gif,Tresom.gif,218
jpeg,Konklab.jpeg,165
gif,Zoolab.gif,774
gif,It.gif,233
png,Alpha.png,960
mp3,Cardguard.mp3,765
png,Zoolab.png,848
jpeg,Mat Lam Tam.jpeg,388
mp3,Alphazap.mp3,366
jpeg,Wrapsafe.jpeg,598
gif,Wrapsafe.gif,410
mp3,Vagram.mp3,808
png,Sub-Ex.png,494
mp3,Ventosanzap.mp3,281
mp3,Veribet.mp3,153
mp3,Temp.mp3,446
jpeg,Job.jpeg,825
mp3,Transcof.mp3,32
jpeg,Domainer.jpeg,557
gif,Y-Solowarm.gif,946
gif,Redhold.gif,70
png,Fintone.png,569
png,Biodex.png,662
gif,Temp.gif,692
mp3,Zamit.mp3,63
mp3,Gembucket.mp3,880
gif,Lotlux.gif,309
mp3,Tampflex.mp3,737
jpeg,Treeflex.jpeg,798
jpeg,Flowdesk.jpeg,994
jpeg,Tampflex.jpeg,695
mp3,Alpha.mp3,301
mp3,Cookley.mp3,930
png,Quo Lux.png,481
gif,Alphazap.gif,132
jpeg,Lotlux.jpeg,269
mp3,Bigtax.mp3,424
png,Matsoft.png,709
mp3,Ventosanzap.mp3,183
mp3,Vagram.mp3,931
gif,Vagram.gif,377
jpeg,Aerified.jpeg,301
gif,Trippledex.gif,201
jpeg,Aerified.jpeg,619
jpeg,Alphazap.jpeg,233
jpeg,Tres-Zap.jpeg,618
jpeg,Alphazap.jpeg,969
mp3,Cookley.mp3,263
gif,Quo Lux.gif,414
mp3,Stringtough.mp3,220
png,Konklux.png,255
png,Tin.png,735
mp3,Veribet.mp3,51
png,Ventosanzap.png,33
gif,It.gif,989
gif,Zontrax.gif,423
jpeg,Keylex.jpeg,882
png,Subin.png,884
jpeg,Holdlamis.jpeg,51
mp3,Lotlux.mp3,698
mp3,Lotstring.mp3,296
png,Biodex.png,818
jpeg,Stringtough.jpeg,609
gif,Job.gif,422
mp3,Greenlam.mp3,330
png,Cookley.png,411
png,Quo Lux.png,527
mp3,Span.mp3,270
jpeg,Gembucket.jpeg,847
mp3,Y-Solowarm.mp3,907
png,Lotstring.png,687
mp3,Zamit.mp3,554
png,Konklux.png,458
jpeg,Bigtax.jpeg,192
gif,Flowdesk.gif,424
gif,Sonair.gif,155
png,Zontrax.png,660
jpeg,Tampflex.jpeg,688
gif,Kanlam.gif,543
mp3,Matsoft.mp3,329
png,Fintone.png,511
jpeg,Ventosanzap.jpeg,343
gif,Subin.gif,535
png,Otcom.png,674
jpeg,Y-Solowarm.jpeg,165
png,Tin.png,731
mp3,Fix San.mp3,455
gif,Namfix.gif,58
mp3,Lotlux.mp3,293
jpeg,Asoka.jpeg,476
png,Fintone.png,191
mp3,Solarbreeze.mp3,925
gif,Wrapsafe.gif,984
png,Fix San.png,877
jpeg,Domainer.jpeg,110
gif,Greenlam.gif,332
gif,Job.gif,164
gif,Vagram.gif,529
gif,Tempsoft.gif,342
jpeg,Bitchip.jpeg,588
jpeg,Home Ing.jpeg,122
jpeg,Zathin.jpeg,344
jpeg,Home Ing.jpeg,583
gif,Stim.gif,79
png,Opela.png,40
jpeg,Konklux.jpeg,918
jpeg,Overhold.jpeg,455
mp3,Home Ing.mp3,466
gif,Lotlux.gif,940
png,Bamity.png,739
jpeg,Y-find.jpeg,60
mp3,Solarbreeze.mp3,384
jpeg,Stronghold.jpeg,426
png,Stim.png,914
png,Konklab.png,508
jpeg,Sonair.jpeg,471
mp3,Lotlux.mp3,534
mp3,Holdlamis.mp3,534
png,Zontrax.png,434
gif,Job.gif,385
mp3,Tres-Zap.mp3,382
jpeg,Redhold.jpeg,132
mp3,Trippledex.mp3,860
jpeg,Veribet.jpeg,585
jpeg,Transcof.jpeg,958
mp3,Andalax.mp3,429
mp3,Span.mp3,281
png,Aerified.png,41
mp3,Cardguard.mp3,45
jpeg,Sonsing.jpeg,854
png,Asoka.png,220
mp3,Bamity.mp3,799
png,Bigtax.png,874
gif,Tres-Zap.gif,914
jpeg,Zoolab.jpeg,253
gif,Cookley.gif,995
jpeg,Prodder.jpeg,364
png,Temp.png,145
gif,Aerified.gif,792
gif,Holdlamis.gif,791
gif,Holdlamis.gif,559
jpeg,Tresom.jpeg,634
gif,Voltsillam.gif,327
mp3,Y-find.mp3,837
gif,Overhold.gif,322
mp3,Cardguard.mp3,5
jpeg,Bitchip.jpeg,870
png,Ronstring.png,784
png,Konklux.png,1
mp3,Job.mp3,264
png,Tres-Zap.png,808
mp3,Cardify.mp3,590
gif,Veribet.gif,814
gif,Voltsillam.gif,347
mp3,Temp.mp3,950
gif,Konklux.gif,244
mp3,Tampflex.mp3,616
png,Alphazap.png,409
gif,Flexidy.gif,601
gif,Latlux.gif,290
mp3,Zathin.mp3,945
gif,It.gif,832
png,Fix San.png,891
mp3,Voyatouch.mp3,892
gif,Namfix.gif,296
gif,Cookley.gif,390
gif,Transcof.gif,658
gif,Temp.gif,368
png,Redhold.png,450
png,Wrapsafe.png,443
gif,Bitchip.gif,884
mp3,Asoka.mp3,54
jpeg,Fix San.jpeg,43
mp3,Flowdesk.mp3,640
mp3,Zontrax.mp3,895
jpeg,Cookley.jpeg,393
jpeg,Cardguard.jpeg,742
jpeg,Opela.jpeg,94
mp3,Bytecard.mp3,495
gif,Sub-Ex.gif,739
gif,Veribet.gif,886
mp3,Y-Solowarm.mp3,332
jpeg,Biodex.jpeg,912
png,Ventosanzap.png,379
gif,Lotlux.gif,554
gif,Rank.gif,908
png,Tin.png,145
jpeg,Vagram.jpeg,515
jpeg,Prodder.jpeg,609
jpeg,Voltsillam.jpeg,245
jpeg,Y-Solowarm.jpeg,104
jpeg,Mat Lam Tam.jpeg,228
gif,Transcof.gif,750
mp3,Job.mp3,107
mp3,Wrapsafe.mp3,442
gif,Pannier.gif,400
mp3,Fintone.mp3,366
png,Tempsoft.png,554
gif,Hatity.gif,370
mp3,Toughjoyfax.mp3,820
gif,Viva.gif,42
jpeg,Namfix.jpeg,586
mp3,Bitwolf.mp3,232
png,Kanlam.png,773
gif,Stronghold.gif,636
png,Solarbreeze.png,232
png,Bigtax.png,77
mp3,Pannier.mp3,797
jpeg,Treeflex.jpeg,313
png,Greenlam.png,783
gif,Cardguard.gif,971
jpeg,It.jpeg,667
jpeg,Temp.jpeg,643
mp3,Bamity.mp3,943
png,Job.png,186
mp3,Lotstring.mp3,56
gif,Zamit.gif,838
gif,Trippledex.gif,168
gif,Span.gif,498
mp3,Bytecard.mp3,924
mp3,Cookley.mp3,342
png,Bigtax.png,616
gif,Cardguard.gif,262
gif,Holdlamis.gif,388
mp3,Viva.mp3,681
mp3,Alpha.mp3,374
png,Regrant.png,660
gif,Home Ing.gif,537
jpeg,Viva.jpeg,898
jpeg,Solarbreeze.jpeg,696
jpeg,Tin.jpeg,354
gif,Flexidy.gif,504
png,Veribet.png,339
gif,Andalax.gif,129
mp3,Matsoft.mp3,665
mp3,Tin.mp3,345
gif,Wrapsafe.gif,877
png,Y-Solowarm.png,801
png,Tampflex.png,197
mp3,Span.mp3,405
gif,Tresom.gif,529
png,Fix San.png,620
png,Voyatouch.png,874
mp3,Sub-Ex.mp3,182
png,Domainer.png,224
mp3,Voltsillam.mp3,210
gif,Cardguard.gif,770
gif,Cardify.gif,891
png,Transcof.png,372
jpeg,Sonair.jpeg,859
jpeg,Solarbreeze.jpeg,215
jpeg,Zaam-Dox.jpeg,634
jpeg,Sub-Ex.jpeg,301
gif,Vagram.gif,260
mp3,Flowdesk.mp3,130
png,Zaam-Dox.png,61
gif,Treeflex.gif,756
png,Bitchip.png,382
mp3,Cookley.mp3,638
gif,Trippledex.gif,756
mp3,Cardguard.mp3,136
jpeg,Kanlam.jpeg,615
gif,Sonair.gif,806
png,Otcom.png,218
jpeg,Zoolab.jpeg,36
jpeg,Fix San.jpeg,706
gif,Alphazap.gif,381
jpeg,Treeflex.jpeg,795
jpeg,Pannier.jpeg,955
mp3,Veribet.mp3,557
gif,Domainer.gif,215
mp3,Fintone.mp3,15
gif,Treeflex.gif,429
mp3,Veribet.mp3,706
mp3,Temp.mp3,837
gif,Andalax.gif,475
png,Redhold.png,88
jpeg,Stringtough.jpeg,324
mp3,Fixflex.mp3,122
png,Rank.png,575
gif,Job.gif,784
png,Fixflex.png,679
mp3,Y-find.mp3,280
jpeg,Overhold.jpeg,148
jpeg,Stronghold.jpeg,708
jpeg,Treeflex.jpeg,991
jpeg,Overhold.jpeg,400
png,Kanlam.png,359
mp3,Lotlux.mp3,928
jpeg,Treeflex.jpeg,282
gif,Bigtax.gif,888
png,Latlux.png,928
jpeg,Home Ing.jpeg,348
mp3,Fintone.mp3,804
png,Fix San.png,224
gif,Rank.gif,806
jpeg,Fix San.jpeg,753
gif,Transcof.gif,888
jpeg,Stim.jpeg,370
gif,Matsoft.gif,90
mp3,Tin.mp3,782
jpeg,Span.jpeg,820
jpeg,Duobam.jpeg,800
jpeg,Mat Lam Tam.jpeg,766
mp3,Lotstring.mp3,414
mp3,Tampflex.mp3,588
png,Asoka.png,984
png,Sub-Ex.png,255
mp3,Otcom.mp3,146
mp3,Redhold.mp3,153
jpeg,Tampflex.jpeg,562
mp3,Tampflex.mp3,683
jpeg,Fixflex.jpeg,656
png,Sonair.png,752
mp3,Gembucket.mp3,615
gif,Tres-Zap.gif,895
mp3,Bitchip.mp3,701
gif,Flowdesk.gif,534
gif,Stim.gif,863
jpeg,Treeflex.jpeg,838
gif,Ventosanzap.gif,431
png,Fintone.png,275
png,Domainer.png,285
mp3,Stronghold.mp3,158
png,Transcof.png,459
png,Bigtax.png,729
png,Quo Lux.png,638
png,Ronstring.png,293
png,Stronghold.png,979
png,Job.png,969
png,Alpha.png,627
mp3,Tresom.mp3,764
jpeg,Cardify.jpeg,920
mp3,Transcof.mp3,276
gif,Zathin.gif,533
jpeg,Bamity.jpeg,555
png,Pannier.png,38
png,Latlux.png,813
png,Redhold.png,568
jpeg,Overhold.jpeg,932
png,Gembucket.png,773
gif,Zoolab.gif,663
mp3,Cookley.mp3,916
mp3,Fix San.mp3,182
jpeg,Bitwolf.jpeg,223
mp3,Redhold.mp3,248
png,Otcom.png,847
mp3,Tres-Zap.mp3,978
mp3,Wrapsafe.mp3,779
png,Biodex.png,123
mp3,Zoolab.mp3,35
gif,Vagram.gif,933
jpeg,Andalax.jpeg,556
gif,Quo Lux.gif,473
gif,Sonair.gif,981
jpeg,Trippledex.jpeg,627
mp3,Rank.mp3,77
jpeg,Y-Solowarm.jpeg,946
gif,Alphazap.gif,418
jpeg,Tin.jpeg,163
gif,Tin.gif,364
jpeg,Lotstring.jpeg,126
gif,Greenlam.gif,261
gif,Solarbreeze.gif,360
jpeg,Overhold.jpeg,529
mp3,Quo Lux.mp3,843
mp3,Opela.mp3,747
mp3,Holdlamis.mp3,409
jpeg,Fixflex.jpeg,179
gif,Viva.gif,358
jpeg,Konklab.jpeg,918
jpeg,Latlux.jpeg,941
png,Flexidy.png,33
mp3,Overhold.mp3,96
gif,Tempsoft.gif,187
mp3,Span.mp3,919
png,Kanlam.png,74
gif,Treeflex.gif,751
jpeg,Keylex.jpeg,412
png,Bamity.png,521
gif,Sub-Ex.gif,48
mp3,Cardguard.mp3,974
jpeg,Temp.jpeg,845
gif,Viva.gif,2
gif,Flowdesk.gif,626
mp3,Solarbreeze.mp3,484
mp3,Andalax.mp3,997
mp3,Fixflex.mp3,554
jpeg,Sonsing.jpeg,969
png,Zoolab.png,52
gif,Vagram.gif,760
png,Ronstring.png,575
png,Treeflex.png,175
mp3,It.mp3,728
jpeg,It.jpeg,938
jpeg,Aerified.jpeg,294
png,Quo Lux.png,22
jpeg,Transcof.jpeg,543
png,Keylex.png,737
png,Mat Lam Tam.png,572
mp3,Zaam-Dox.mp3,648
jpeg,Sub-Ex.jpeg,518
mp3,Stim.mp3,646
png,Tempsoft.png,603
jpeg,Lotstring.jpeg,537
mp3,Bitwolf.mp3,501
png,Voyatouch.png,167
jpeg,Mat Lam Tam.jpeg,838
png,Bitwolf.png,284
gif,Trippledex.gif,676
mp3,Zoolab.mp3,85
png,Cardguard.png,888
jpeg,Holdlamis.jpeg,55
jpeg,Zoolab.jpeg,673
gif,Y-Solowarm.gif,947
png,Transcof.png,539
gif,Flowdesk.gif,595
png,Tempsoft.png,511
mp3,Alpha.mp3,162
mp3,Bitchip.mp3,943
mp3,Treeflex.mp3,588
jpeg,Zaam-Dox.jpeg,803
png,Ronstring.png,295
mp3,Zoolab.mp3,608
jpeg,Aerified.jpeg,786
png,Alpha.png,984
png,Otcom.png,949
gif,Holdlamis.gif,207
png,Ventosanzap.png,598
jpeg,Vagram.jpeg,915
png,Otcom.png,634
mp3,Opela.mp3,32
jpeg,Redhold.jpeg,858
mp3,Domainer.mp3,408
mp3,Wrapsafe.mp3,104
jpeg,Transcof.jpeg,779
png,Flowdesk.png,519
jpeg,Regrant.jpeg,686
gif,Overhold.gif,184
jpeg,Duobam.jpeg,781
png,Otcom.png,92
gif,Transcof.gif,355
jpeg,Fixflex.jpeg,766
mp3,Flowdesk.mp3,194
mp3,Cardguard.mp3,802
jpeg,Tresom.jpeg,95
gif,Quo Lux.gif,855
jpeg,Treeflex.jpeg,506
mp3,Wrapsafe.mp3,491
gif,Bitwolf.gif,245
png,Transcof.png,437
png,Latlux.png,562
gif,Gembucket.gif,417
png,Rank.png,459
png,Voltsillam.png,612
mp3,Sonsing.mp3,579
mp3,Fintone.mp3,139
png,Bamity.png,711
gif,Zoolab.gif,628
mp3,Prodder.mp3,521
png,Rank.png,384
png,Cardify.png,354
mp3,Zamit.mp3,471
jpeg,Hatity.jpeg,819
mp3,Span.mp3,901
mp3,Sonair.mp3,930
png,Stringtough.png,992
mp3,Hatity.mp3,883
gif,Rank.gif,830
mp3,Kanlam.mp3,163
gif,Cardify.gif,897
mp3,Cookley.mp3,702
gif,Domainer.gif,482
gif,Rank.gif,532
mp3,Opela.mp3,39
jpeg,Bamity.jpeg,661
mp3,Tampflex.mp3,191
png,Cookley.png,249
png,Subin.png,857
jpeg,Domainer.jpeg,816
gif,Ventosanzap.gif,352
png,Home Ing.png,56
png,Konklux.png,937
jpeg,Gembucket.jpeg,489
mp3,Ventosanzap.mp3,448
jpeg,Cardguard.jpeg,73
gif,Y-find.gif,150
png,Y-Solowarm.png,905
mp3,Aerified.mp3,847
png,Span.png,147
png,Bitwolf.png,367
gif,Kanlam.gif,496
jpeg,Otcom.jpeg,558
gif,Trippledex.gif,81
gif,Zathin.gif,696
jpeg,Job.jpeg,363
png,Stronghold.png,851
mp3,Keylex.mp3,919
gif,Andalax.gif,666
gif,Hatity.gif,97
png,Latlux.png,509
jpeg,Aerified.jpeg,582
jpeg,Stringtough.jpeg,889
gif,Alphazap.gif,365
gif,Alphazap.gif,678
png,Tresom.png,457
jpeg,Zamit.jpeg,983
mp3,Y-find.mp3,491
jpeg,Stim.jpeg,102
gif,Bytecard.gif,516
gif,Voltsillam.gif,860
gif,Zoolab.gif,459
mp3,Matsoft.mp3,807
mp3,Rank.mp3,181
png,Aerified.png,424
gif,Flexidy.gif,165
gif,Hatity.gif,700
png,Greenlam.png,354
jpeg,Flowdesk.jpeg,739
gif,Lotstring.gif,337
png,Fixflex.png,171
png,Biodex.png,575
png,Treeflex.png,778
jpeg,Treeflex.jpeg,47
jpeg,Y-Solowarm.jpeg,940
jpeg,Mat Lam Tam.jpeg,205
png,Konklab.png,150
mp3,Alpha.mp3,979
gif,Voltsillam.gif,700
mp3,Alphazap.mp3,622
png,Tin.png,866
png,Stronghold.png,356
gif,Tampflex.gif,84
gif,Trippledex.gif,987
jpeg,Y-Solowarm.jpeg,785
jpeg,Overhold.jpeg,715
gif,Sonair.gif,327
gif,Tempsoft.gif,267
gif,It.gif,421
mp3,Asoka.mp3,533
gif,Cardify.gif,311
png,Cardguard.png,138
png,Sonsing.png,162
gif,Lotstring.gif,547
png,Greenlam.png,200
png,Tresom.png,260
gif,Job.gif,641
png,Cookley.png,195
png,It.png,423
jpeg,Viva.jpeg,757
gif,Konklab.gif,56
jpeg,Konklux.jpeg,611
mp3,Flexidy.mp3,984
mp3,Bitchip.mp3,877
png,Bamity.png,119
jpeg,Duobam.jpeg,607
gif,Kanlam.gif,319
gif,Lotlux.gif,925
jpeg,Zathin.jpeg,379
jpeg,Viva.jpeg,456
jpeg,Opela.jpeg,873
png,Trippledex.png,100
png,Keylex.png,303
mp3,It.mp3,839
jpeg,Latlux.jpeg,867
gif,Flowdesk.gif,877
mp3,Cardguard.mp3,617
jpeg,Job.jpeg,616
gif,Zontrax.gif,318
gif,Zoolab.gif,810
png,It.png,371
mp3,Home Ing.mp3,927
gif,Ronstring.gif,308
mp3,Stronghold.mp3,250
jpeg,Zaam-Dox.jpeg,362
jpeg,Pannier.jpeg,445
png,Voltsillam.png,381
mp3,Bitwolf.mp3,617
jpeg,Quo Lux.jpeg,645
mp3,Zoolab.mp3,974
gif,Prodder.gif,995
mp3,Matsoft.mp3,238
jpeg,Holdlamis.jpeg,354
mp3,Stringtough.mp3,353
gif,It.gif,524
png,Fix San.png,451
jpeg,Lotlux.jpeg,163
mp3,Pannier.mp3,924
gif,Kanlam.gif,666
gif,Konklux.gif,574
jpeg,Veribet.jpeg,738
png,Zaam-Dox.png,992
gif,Gembucket.gif,97
jpeg,Bitchip.jpeg,567
mp3,Lotlux.mp3,633
gif,Treeflex.gif,447
jpeg,Sub-Ex.jpeg,708
mp3,Alphazap.mp3,95
jpeg,It.jpeg,437
jpeg,Sonsing.jpeg,216
mp3,Zaam-Dox.mp3,358
gif,Alpha.gif,828
png,Tempsoft.png,720
gif,Mat Lam Tam.gif,880
gif,Fixflex.gif,336
jpeg,Hatity.jpeg,416
png,Fintone.png,774
gif,It.gif,537
mp3,Treeflex.mp3,373
png,Greenlam.png,418
mp3,Prodder.mp3,203
png,Tampflex.png,499
png,Tres-Zap.png,866
jpeg,Aerified.jpeg,245
mp3,Stringtough.mp3,229
jpeg,Job.jpeg,242
jpeg,Vagram.jpeg,626
mp3,Tres-Zap.mp3,330
jpeg,Lotstring.jpeg,990
gif,Viva.gif,668
mp3,Gembucket.mp3,177
jpeg,Cardify.jpeg,146
mp3,Fix San.mp3,287
jpeg,Span.jpeg,787
mp3,Temp.mp3,978
mp3,Namfix.mp3,422
jpeg,Subin.jpeg,798
png,Voltsillam.png,41
mp3,Stringtough.mp3,378
mp3,Aerified.mp3,633
jpeg,Zaam-Dox.jpeg,674
png,Sonsing.png,465
png,Matsoft.png,975
mp3,Tempsoft.mp3,783
jpeg,Vagram.jpeg,141
png,Fintone.png,260
jpeg,Tampflex.jpeg,667
png,Cookley.png,340
mp3,Tres-Zap.mp3,172
gif,Matsoft.gif,66
mp3,Zontrax.mp3,958
png,Namfix.png,679
jpeg,Span.jpeg,193
mp3,Sonsing.mp3,621
gif,Lotlux.gif,344
jpeg,Latlux.jpeg,749
mp3,Latlux.mp3,649
png,Transcof.png,712
gif,Bamity.gif,743
jpeg,Regrant.jpeg,113
png,Stronghold.png,670
mp3,Bigtax.mp3,861
gif,Lotlux.gif,828
jpeg,Ventosanzap.jpeg,60
jpeg,Alphazap.jpeg,122
gif,Keylex.gif,175
gif,Asoka.gif,41
jpeg,Lotlux.jpeg,519
jpeg,Trippledex.jpeg,51
jpeg,Job.jpeg,277
png,Hatity.png,561
mp3,Bitchip.mp3,541
mp3,Sonair.mp3,171
png,Greenlam.png,632
gif,Hatity.gif,425
png,Zontrax.png,529
mp3,Wrapsafe.mp3,845
gif,Trippledex.gif,17
gif,Stim.gif,20
jpeg,Transcof.jpeg,581
jpeg,Lotlux.jpeg,743
mp3,Cardguard.mp3,577
gif,Bamity.gif,126
png,Zathin.png,526
png,Lotlux.png,272
mp3,Lotlux.mp3,154
gif,Voyatouch.gif,30
gif,Konklux.gif,894
jpeg,Overhold.jpeg,256
jpeg,Keylex.jpeg,69
mp3,Prodder.mp3,34
mp3,Transcof.mp3,165
jpeg,Latlux.jpeg,544
jpeg,Prodder.jpeg,705
jpeg,Pannier.jpeg,572
jpeg,Y-Solowarm.jpeg,392
mp3,Lotstring.mp3,122
png,Tin.png,581
mp3,Pannier.mp3,580
png,Matsoft.png,293
gif,Quo Lux.gif,795
gif,Fix San.gif,443
png,Regrant.png,180
gif,Latlux.gif,342
mp3,Bitchip.mp3,791
gif,Job.gif,770
png,Ventosanzap.png,927
jpeg,Y-find.jpeg,258
gif,Domainer.gif,677
png,Prodder.png,504
mp3,Andalax.mp3,156
png,Stim.png,865
gif,Mat Lam Tam.gif,21
mp3,Otcom.mp3,971
gif,Opela.gif,65
jpeg,Greenlam.jpeg,762
png,Ronstring.png,701
mp3,Bitchip.mp3,822
png,Konklab.png,795
png,Tresom.png,649
mp3,Solarbreeze.mp3,624
png,Flexidy.png,232
jpeg,Viva.jpeg,171
png,Alphazap.png,888
gif,Ventosanzap.gif,544
gif,Stronghold.gif,364
mp3,Opela.mp3,381
jpeg,Keylex.jpeg,186
jpeg,Y-Solowarm.jpeg,776
jpeg,Konklux.jpeg,357
gif,Bitchip.gif,741
jpeg,Daltfresh.jpeg,600
jpeg,Zamit.jpeg,628
png,Treeflex.png,525
png,Stringtough.png,285
jpeg,Asoka.jpeg,517
gif,Bamity.gif,594
mp3,Cookley.mp3,367
mp3,Ronstring.mp3,714
gif,Transcof.gif,444
mp3,Keylex.mp3,390
gif,Aerified.gif,905
jpeg,Stronghold.jpeg,703
png,Hatity.png,954
mp3,Duobam.mp3,889
jpeg,Span.jpeg,517
png,Latlux.png,979
jpeg,Flexidy.jpeg,468
