p_name,u_id
Chillstep Relax,773
Acoustic Covers,50
Tropical Dance,709
Soulful House,757
Top Charts,27
Soulful House,433
Motivation Rap,991
Rock Alternatif,208
Retro Disco,447
French Chansons,497
Motown Classics,412
Indie Electronic,196
Upbeat Party,749
Deep House Vibes,208
Guitar Acoustique,86
Ambiance nocturne,497
Motivation Rap,165
Hip-hop Hits,786
Soirée dansante,912
French Pop,650
Jazz Fusion,447
Pop Punk Hits,377
Motivation Workout Mix,610
Urban Beats,445
French Pop,100
Acoustic Covers,594
Upbeat Party,523
Party Mix,497
Jazz Lounge,117
EDM Party Anthems,673
Chillstep Relax,497
Sérénité acoustique,939
Sérénité acoustique,400
Progressive House,175
Road Trip Jams,201
Rock Ballads,768
Sensual Beats,315
Retro Disco Grooves,395
Mood Booster,578
Summer Hits,653
Mood Booster,772
Country Love Songs,847
Chillstep Relax,63
Reggae Vibes,497
Love Songs,131
Smooth R&B,972
Underground Hip-hop,188
Bossa Nova Lounge,765
Latin Pop Hits,445
Throwback 90s,603
Soulful Classics,272
Chillout Beats,927
Motivation Rap,648
Acoustic Chillout,650
Reggae Vibes,960
Sensual Beats,839
Tropical Vibes,639
Party Mix,610
Piano Ballads,326
Dancehall Vibes,268
Reggae Classics,320
Cocktail Lounge,977
Hits du moment,317
Guitar Acoustique,439
Rap US,243
Cocktail Lounge,60
Underground Hip-hop,894
Latin Dance Hits,74
Tropical House,195
Party Mix,445
Reggae Vibes,42
French Chansons,73
Classic Country,855
Chillout Beats,147
Deep House Vibes,37
Indie Rock Anthems,800
Jazz Lounge,33
Country Love Ballads,768
Pop énergisante,115
Acoustic Covers,118
Clubbing Anthems,813
Dance Party Anthems,533
Summer Romance,907
Tropical House,107
Café del Mar,182
Acoustic Café,449
Motivation Workout Mix,551
Feel-Good Pop,551
Pop 2000s,848
Indie Rock Anthems,646
Chillout Lounge,105
Motivation Rap,346
Urban Beats,821
Tropical Vibes,439
Blues Classics,691
Summer Hits,221
Indie Folk,150
Acoustic Chillout,324
Summer Hits,509
Nu Disco Grooves,745
Old School Hip-hop,111
Rock Ballads,888
Top 40,313
Party Mix,464
Café del Mar,365
Soulful Classics,946
Classiques du rock,812
Chansons françaises,850
R&B Slow Jams,449
Soul Classics,547
Soul Classics,537
Latin Dance Hits,484
Feel-Good 60s,899
Deep House Chill,837
Chilled Electronica,928
Best of the 80s,665
Pop Dancefloor,426
Road Trip,811
Soulful House,500
Classic Rock Hits,65
Indie Dancefloor,895
Deep House Vibes,787
Sensual Beats,605
Bollywood Beats,22
Sunny Morning,783
Chillout Lounge,511
Chilled Hip-hop,938
Sunny Morning,360
Feel-Good 80s,117
Indie Electronica,667
Chillwave,453
Cocktail Lounge,245
Nu Jazz,620
Indie Electronica,215
Reggaeton Hits,87
Ambiance nocturne,168
Party Mix,30
Underground Hip-hop,336
Rock Ballads,608
Best of the 80s,822
Clubbing Anthems,108
Chilled Hip-hop,795
Underground Hip-hop,498
Feel-Good Songs,825
Soulful R&B,57
Throwback 80s,12
Soulful Beats,511
Sérénité acoustique,209
Pop 90s,938
Chilled Electronica,245
French Pop,24
Chansons françaises,69
Chansons françaises,194
Pop 90s,570
Sensual Beats,909
Sunrise Vibes,204
Feel-Good 80s,982
Chillwave Sounds,10
Underground Hip-hop,271
Deep House Chill,21
Pop 90s,340
Reggae Vibes,444
Chansons françaises,921
Dance Party,150
Indie Folk Love,887
Rap US,818
Summer Hits,915
Throwback 90s,86
Dance Party Anthems,583
Reggae Vibes,323
Pop 2000s,695
Douceur matinale,430
Greatest Hits,581
Piano Ballads,201
Soulful House,16
EDM Festival,870
Latin Pop,399
Bollywood Beats,659
Sunny Morning,891
Progressive House,672
Retro Disco Grooves,851
Guitar Acoustique,737
Motivation Workout,301
Chilled Hip-hop,5
Greatest Hits,359
Indie Electronic,757
Soulful Classics,127
Retro Disco,553
Country Love Ballads,748
Chilled Hip-hop,823
Latin Fiesta,454
Sunrise Vibes,735
Retro Disco Grooves,811
Mood Booster,836
Bollywood Beats,87
Acoustic Covers,140
Chillout Beats,33
Soulful Classics,569
Feel-Good Songs,233
Rock Alternatif,258
Bollywood Beats,419
Chill Vibes,880
Soulful R&B,742
Country Roads,492
Soulful House,558
Best of the 80s,76
Sunny Morning,535
Piano Ballads,623
Feel-Good Songs,553
Indie Electronica,835
Country Roads,569
Urban Beats,163
Chillout Beats,664
EDM Hits,527
Tropical House,29
Epic Film Scores,483
Rock Alternatif,908
Indie Soulful,762
Road Trip Classics,266
Old School Hip-hop,385
Sensual Beats,482
Smooth R&B,631
R&B Slow Jams,310
Nu Disco Grooves,364
Retro Disco Grooves,723
Classic Country,807
Epic Film Scores,51
Détente Zen,476
Dancehall Party,351
Acoustic Chill,652
Retro Disco,511
Nu Disco,745
Road Trip Jams,502
Indie Pop,222
Greatest Hits,308
Classic Rock Hits,270
Douceur matinale,661
Latin Dance,767
Deep House Chill,189
Party Mix,996
Acoustic Covers,558
Feel-Good 80s,671
Indie Electronic,660
Mood Booster,441
Electro Swing,745
Classic Country,216
Nu Jazz,734
Classic Rock Hits,132
Mood Booster,429
Latin Pop Hits,658
Classic Rock Anthems,26
Chilled Hip-hop,636
Douceur matinale,732
Bossa Nova Chill,396
Feel-Good 60s,855
Motivation Rap,461
Acoustic Café,769
Party Mix,497
Indie Soulful,996
Road Trip,70
R&B Slow Jams,555
Classiques du rock,591
Latin Fiesta,82
Chill Vibes,485
Summer Hits,203
Smooth R&B,97
Dance Hits,601
Sunny Morning,864
Tropical Dance,245
Classic Rock Hits,208
Indie Dancefloor,30
Latin Pop Hits,951
Soulful Beats,578
Rock Legends,27
Acoustic Covers,766
Bossa Nova Chill,128
Motivation Workout,544
Dance Hits,157
Alternative Rock,73
Latin Dance Hits,755
Greatest Hits of the 60s,550
Greatest Hits,808
Indie Folk,158
French Pop,555
Alternative Indie,873
Progressive House,269
Hip-hop Hits,608
R&B Slow Jams,587
Dance Hits,356
Hip-hop Hits,431
Soulful Classics,387
Summer Romance,163
Chilled Hip-hop,48
Hip-hop Hits,596
Party Mix,835
Guitar Acoustique,455
Dancehall Party,814
Acoustic Chill,639
Musique pour étudier,7
House Party Anthems,452
Lounge Chillout,892
Top 40,837
Motivation Rap,858
Soulful Pop,800
Greatest Hits of the 70s,111
Rock Legends,760
Chillout Lounge,314
Acoustic Covers,521
Dance Party Anthems,393
Acoustic Chill,712
Fiesta Latina,760
Motivation Rap,237
Reggaeton Hits,533
Retro Hits,123
Mélodies apaisantes,812
Alternative Indie,670
Indie Pop,973
Mélodies apaisantes,674
Soft Piano,216
Throwback 90s,623
Greatest Hits,654
Bollywood Beats,279
Indie Rock,340
Old School Hip-hop,834
Soulful Jazz,168
Hip-hop Hits,491
Guitar Acoustique,962
Progressive House,559
Mood Booster,98
Feel-Good Pop,577
Deep House Vibes,42
Rock Alternatif,496
Hip-hop underground,916
Love Songs,407
Acoustic Café,281
Café Music,23
Motown Classics,150
Acoustic Covers,142
Hip-hop underground,471
Country Love Songs,709
Clubbing Anthems,334
Soul Classics,564
Indie Soul,488
Indie Soulful,159
Dance Party,926
Café del Mar,409
Mood Booster,896
Tropical House,926
Acoustic Café Session,717
Blues Classics,729
Tropical Vibes,17
Deep House Vibes,972
EDM Party Anthems,809
Tropical Vibes,138
Motown Classics,290
Soulful House,641
Indie Electronica,587
Bossa Nova Lounge,39
Feel-Good 70s,948
Top 40 Hits,127
Indie Acoustic,957
Latin Fiesta,7
Tropical Vibes,792
Motivation Workout,50
Deep House Chill,222
Café del Mar,51
French Chansons,124
Indie Folk,39
Old School Hip-hop,881
Tropical House Grooves,906
Chillwave,41
Chansons françaises,410
Rock Classics,634
Summer Party Anthems,42
R&B Slow Jams,834
Salsa caliente,318
Summer Party,80
Motown Classics,673
Summer Party Anthems,727
Douceur matinale,789
Feel-Good 80s,507
Soulful R&B,516
Jazz instrumental,694
Classic Jazz,670
Latin Dance,96
Summer Party Anthems,52
Dance Hits,819
Latin Pop,788
Chillstep Relax,645
Pop Dancefloor,439
Pop 2000s,462
Chillout Beats,326
Chilled Hip-hop,513
Rock Classics,70
Rock Alternatif,2
Party Mix,373
Deep House Vibes,261
Salsa caliente,846
Clubbing Vibes,85
Rock Legends,519
Chillstep Relax,586
Sunny Morning,142
Country Love Songs,858
Deep House Vibes,365
Indie Electronica,504
Pop Dancefloor,610
Dancehall Party,463
Upbeat Party,399
Bollywood Beats,720
Deep House Vibes,918
Dance Hits,161
R&B Love Ballads,945
Sunrise Vibes,685
Electro Dancefloor,428
R&B Slow Jams,569
Guitar Acoustique,457
Jazz Lounge,72
Sunny Morning,802
Mood Booster,158
Alternative Rock,979
Soft Piano,511
Progressive House,275
Electro Swing,739
Ambiance nocturne,604
Jazz Fusion,846
Throwback 90s,749
EDM Party Anthems,510
Indie Rock,845
Deep House Vibes,577
Piano Ballads,593
Classic Rock Hits,342
Motivation Rap,231
Smooth R&B,408
Chansons françaises,770
Dance Hits,937
Soirée dansante,339
Sérénité acoustique,848
Pop 2000s,328
Indie Rock,122
Feel-Good Pop,148
Chillwave Sounds,458
French Pop,467
Retro Disco,844
Jazz instrumental,71
EDM Hits,395
Café del Mar,735
Road Trip Jams,857
Tropical House,714
House Party Anthems,353
Latin Dance Hits,160
Hip-hop Hits,465
Feel-Good Songs,875
Chillout Lounge,198
Classiques du rock,51
Sunny Morning,354
Tropical Dance,252
Reggae Classics,11
Chilled Hip-hop,18
Motown Classics,614
Reggae Classics,393
French Pop,300
Détente Zen,560
Acoustic Chill,52
Latin Fiesta,987
Motivation Workout Mix,598
Jazz Fusion,716
Country Love Songs,792
Electro Swing,28
Chansons françaises,323
Old School Hip-hop,477
Mood Booster,626
Nu Disco Grooves,994
Latin Dance,954
Soulful Jazz,461
Electro Swing Vibes,335
Sensual Beats,419
Soulful R&B,809
House Party Anthems,468
Jazz Fusion Grooves,651
Chillwave,920
Ambiance nocturne,940
Deep House Chill,435
Hip-hop Hits,99
Country Roads,433
R&B Love Ballads,227
Indie Soul,856
Rock Ballads,251
Piano Ballads,405
Nu Jazz,902
Salsa caliente,629
Retro Disco Grooves,799
House Party Anthems,160
Tropical House,436
Cocktail Lounge,774
Motivation Rap,746
Nu Jazz Grooves,617
Sunrise Vibes,896
Sons du monde,333
Retro Funk,203
EDM Hits,132
Indie Soul,447
Nu Jazz,78
Rap US,480
Motivation Rap,696
Indie Rock,459
Pop Punk Anthems,65
Summer Hits,506
Jazz Lounge,433
Progressive House,683
Indie Rock Anthems,60
Best of the 80s,24
Pop 90s,311
Bollywood Beats,605
Reggae Vibes,454
Chillout Lounge,577
Bossa Nova Chill,726
Classic Jazz,769
Chillstep Selection,241
Clubbing Anthems,988
Feel-Good Pop,90
Smooth Jazz,571
Motivation Workout,921
Détente Zen,698
Dancehall Vibes,543
Indie Folk Love,670
Sunrise Vibes,524
Tropical House Grooves,258
Tropical House Grooves,179
Motivation Rap,108
Electro Swing,524
Chillout Lounge,834
Greatest Hits of the 60s,99
French Pop,962
Sons du monde,868
Chilled Electronica,864
Chansons françaises,633
Greatest Hits of the 70s,443
Electro Swing Vibes,325
House Party Anthems,668
Underground Hip-hop,554
Soulful Jazz,113
Chillstep Vibes,818
French Chansons,829
Rock Alternatif,252
Best of the 80s,106
Retro Funk,675
Pop 2000s,247
Latin Dance,414
Epic Film Scores,495
Indie Electronica,96
Blues Classics,207
Country Roads,96
Chilled Hip-hop,821
Pop 2000s,462
Indie Folk Love,125
Road Trip Classics,351
Epic Film Scores,15
Greatest Hits,129
House Party Anthems,71
Indie Folk Love,891
Latin Fiesta,633
Rock Alternatif,561
Soulful Classics,238
Feel-Good Songs,698
Chillout Dreams,130
Throwback 90s,143
Summer Romance,877
Indie Folk,688
Clubbing Anthems,729
Alternative Indie,592
Acoustic Chillout,62
Urban Beats,62
Greatest Hits of the 70s,646
Sunny Morning,313
Smooth Jazz,81
Acoustic Café,249
Reggae Classics,146
Jazz Fusion Grooves,582
Feel-Good 70s,381
Feel-Good 60s,295
Dance Party,568
Progressive House,497
Soulful House,884
Reggae Classics,98
House Party Anthems,547
Ambiance nocturne,519
EDM Hits,614
Classiques du rock,791
Alternative Indie,341
Blues Classics,43
Throwback 90s,429
Summer Hits,334
Feel-Good Classics,571
Chillout Lounge,914
R&B Slow Jams,254
Tropical Dance,915
Greatest Hits of the 60s,499
Rap US,291
Indie Folk Love,575
Acoustic Café Session,11
Ambiance nocturne,190
Summer Party,67
Top 40 Hits,168
Sunny Morning,162
Piano Ballads,917
Pop Punk Hits,772
Tropical House Grooves,952
Soulful Pop,341
Feel-Good Songs,80
Chillout Lounge,600
Electro Dancefloor,532
Deep House Chill,641
Electro Swing,371
Dancehall Vibes,792
Sunny Morning,595
Pop Punk Anthems,63
Rock Ballads,466
Summer Hits,76
Chill Vibes,770
Top Charts,512
Acoustic Covers,869
Guitar Acoustique,293
Classic Rock Anthems,138
Pop Punk Anthems,465
Piano Ballads,853
Soft Piano,572
Tropical House Grooves,138
Motivation Workout,611
Alternative Indie,389
Feel-Good Pop,55
R&B Slow Jams,875
Road Trip Classics,778
Blues Classics,355
Latin Pop Hits,310
Nu Jazz,574
Summer Hits,438
Reggaeton Hits,697
Tropical Vibes,395
Dancehall Vibes,79
Rock Ballads,596
Acoustic Café Session,207
Motivation Rap,812
Top 40,117
Feel-Good Classics,61
Chillout Dreams,236
Acoustic Covers,65
Summer Romance,429
Clubbing Anthems,76
Feel-Good Pop,476
Soulful Beats,745
Guitar Acoustique,756
Rock Classics,832
Latin Dance Hits,90
Country Love Ballads,269
Dancehall Party,902
Jazz Lounge,127
Pop Punk Hits,278
Retro Hits,311
Motivation Workout,889
Retro Funk,706
Soulful Beats,254
Feel-Good Songs,164
Electro Swing,666
Salsa caliente,852
Road Trip,711
Chilled Electronica,50
Feel-Good 70s,716
R&B Slow Jams,622
Motivation Rap,22
Pop Punk Anthems,973
Indie Rock,710
Rock Alternatif,885
Electro Swing,765
Indie Pop Vibes,791
Lounge Chillout,922
Motivation Workout,306
Café del Mar,792
Feel-Good Classics,589
Reggaeton Hits,753
Jazz Fusion,22
Upbeat Party,117
Chillout Lounge,738
Indie Pop Vibes,406
Rap US,197
Tropical Vibes,643
Bollywood Beats,171
Chillout Lounge,299
Motivation Workout,371
Latin Pop Hits,199
Soirée dansante,324
Hip-hop Underground,909
Soirée dansante,799
Mood Booster,408
Tropical Vibes,745
Deep House Vibes,553
Rock Alternatif,719
Dancehall Vibes,133
Acoustic Covers,369
Soulful R&B,477
Indie Soul,10
Café del Mar,924
Old School Hip-hop,816
Mood Booster,112
Rock Ballads,747
Classic Jazz,121
Acoustic Chill,830
Indie Folk,245
Electro Swing,718
Latin Pop Hits,635
Jazz Lounge,560
Chillout Beats,341
Classic Jazz,673
Jazz Lounge,892
Indie Electronic,221
Tropical House,862
Upbeat Party,614
Road Trip Jams,888
Sunny Morning,6
Summer Romance,298
Chill Vibes,296
Acoustic Café Session,497
Retro Funk,741
Café Music,759
Bossa Nova Lounge,609
Clubbing Vibes,154
Latin Fiesta,582
Electro Swing,397
Feel-Good 70s,967
Reggae Classics,986
Ambiance nocturne,991
Motivation Rap,312
R&B Slow Jams,893
Indie Electronica,11
Bossa Nova Chill,488
EDM Hits,742
Summer Romance,871
Summer Romance,149
Deep House Chill,171
Nu Jazz,996
Pop 90s,270
Chill Vibes,186
Guitar Acoustique,494
Sunny Morning,506
Acoustic Café Session,677
Top 40 Hits,141
Café del Mar,563
Hip-hop underground,807
Dance Hits,859
Motivation Rap,328
Hip-hop Hits,390
Latin Pop Hits,693
Summer Romance,193
Chillwave Sounds,781
Top 40 Hits,998
Indie Folk Love,404
Throwback 80s,185
Indie Electronic,904
Classiques du rock,194
Progressive House,669
Chillstep Selection,550
Jazz Lounge,464
Café Music,413
Country Roads,968
Country Roads,556
Blues Classics,675
Indie Soul,544
Feel-Good 60s,413
Bollywood Beats,79
Alternative Indie,540
Mood Booster,711
Blues Classics,244
Throwback 80s,244
Indie Folk,942
Bossa Nova Lounge,739
Alternative Rock,159
Sons du monde,973
Soft Piano,159
Hip-hop Hits,937
R&B Slow Jams,597
Rap US,636
Soft Piano,18
Indie Electronica,824
Blues Classics,842
Feel-Good Songs,988
Electro Dancefloor,269
Retro Funk,555
Chillstep Selection,497
Love Songs,713
French Pop,925
Acoustic Chillout,921
Chillstep Selection,825
Road Trip Classics,66
Soulful R&B,237
Indie Acoustic,383
Urban Beats,356
Indie Rock Anthems,353
Smooth R&B,298
Summer Hits,102
Chill Vibes,350
Piano Ballads,819
Top 40 Hits,644
Indie Electronic,207
Hip-hop Underground,337
Greatest Hits of the 70s,131
Jazz Lounge,891
Summer Hits,161
Nu Jazz,859
Latin Dance Hits,257
Tropical House,982
Summer Romance,979
Indie Soul,996
Progressive House,703
Summer Romance,284
Nu Jazz,60
EDM Hits,771
Motivation Rap,235
Chilled Hip-hop,887
Tropical Vibes,68
Hip-hop Hits,453
Road Trip Jams,128
Indie Dancefloor,497
Soft Piano,366
Latin Fiesta,913
Salsa caliente,987
Electro Dancefloor,119
Underground Hip-hop,764
Retro Favorites,250
Indie Soulful,469
Piano Ballads,171
Retro Hits,50
R&B Slow Jams,867
Mood Booster,245
Hip-hop underground,999
Summer Party Anthems,547
Indie Folk Love,758
Love Songs,176
Classic Rock Anthems,578
Best of the 80s,192
House Party Anthems,45
Hip-hop underground,52
Feel-Good 60s,396
R&B Slow Jams,758
Mood Booster,212
Tropical Vibes,756
Rock Ballads,985
Soirée dansante,178
Summer Hits,508
Chillwave Sounds,673
Motivation Workout,128
Chillout Lounge,929
Ambiance nocturne,872
Indie Electronic,802
Sentiments mélancoliques,223
Sensual Beats,933
Feel-Good Pop,515
Summer Romance,610
Soulful Jazz,837
Indie Pop Rock,173
Upbeat Party,584
Lounge Chillout,516
Hip-hop Underground,824
Soulful House,354
Smooth Jazz,342
Dance Hits,938
Throwback 80s,414
Guitar Acoustique,394
Feel-Good 60s,882
Indie Electronica,640
Feel-Good Classics,631
Old School Hip-hop,748
Chilled Hip-hop,43
Bossa Nova Chill,844
Indie Soulful,600
EDM Party Anthems,933
Smooth R&B,396
Pop 90s,728
Electro Swing Vibes,898
Greatest Hits of the 60s,647
Ambiance nocturne,929
Sensual Beats,284
Summer Party Anthems,18
Soulful R&B,242
Party Mix,904
Jazz Lounge,216
Bossa Nova Lounge,250
R&B Love Ballads,51
Summer Hits,137
Indie Electronica,204
House Party Anthems,165
Feel-Good Classics,221
Hits du moment,385
Acoustic Chill,223
Motivation Workout,123
Acoustic Chillout,11
Jazz Lounge,319
Acoustic Café Session,827
Acoustic Covers,99
Alternative Rock,241
R&B Slow Jams,841
Tropical House,974
Top 40 Hits,65
Bossa Nova Lounge,195
Jazz Fusion,523
Indie Pop,452
Nu Jazz,84
EDM Party Anthems,793
Throwback 80s,320
Feel-Good Songs,485
Progressive House,267
Throwback 90s,147
Smooth R&B,922
Summer Party,32
Mélodies apaisantes,521
Tropical House,917
Deep House Vibes,118
Chilled Hip-hop,713
Soul Classics,118
Electro Dancefloor,424
Acoustic Chillout,942
Soulful Classics,578
Chansons françaises,842
Sensual Beats,45
Soul Classics,767
Throwback 80s,563
EDM Hits,207
Clubbing Anthems,23
Cocktail Lounge,506
Latin Pop,470
Acoustic Café,462
Mood Booster,423
Douceur matinale,826
Rap US,893
Best of the 80s,923
Indie Pop Rock,888
Bollywood Beats,826
Sensual Beats,544
Hip-hop Hits,259
Mélodies apaisantes,343
Indie Folk,148
Old School Hip-hop,504
Ambiance nocturne,653
Road Trip Classics,676
Feel-Good Pop,738
Sons du monde,964
Mélodies apaisantes,146
Bossa Nova Chill,330
Country Love Songs,860
EDM Hits,186
Détente Zen,868
Soulful Jazz,720
Soulful Classics,357
Best of the 80s,711
Bollywood Beats,76
Piano Ballads,14
Road Trip Classics,350
R&B Love Songs,572
Tropical Vibes,89
Reggaeton Hits,672
R&B Love Ballads,262
Tropical Vibes,767
Best of the 80s,635
Sérénité acoustique,545
Sensual Beats,493
Détente Zen,723
Road Trip Classics,590
Hits du moment,498
Indie Soul,129
Jazz Lounge,271
Acoustic Chill,277
R&B Love Ballads,663
Guitar Acoustique,179
Dance Party Anthems,990
Greatest Hits of the 70s,20
Feel-Good 60s,237
Tropical House,233
Jazz Fusion Grooves,176
Feel-Good Pop,545
Hip-hop Hits,731
Pop 90s,993
Bollywood Beats,246
Mood Booster,276
Acoustic Chill,416
Guitar Acoustique,189
Road Trip,775
Top Charts,805
Clubbing Vibes,791
Feel-Good 70s,765
Mood Booster,296
Rock Ballads,481
Acoustic Café Session,444
Deep House Vibes,714
French Chansons,585
Feel-Good Pop,5
Electro Swing,219
Reggae Vibes,222
Mélodies apaisantes,220
Soulful House,797
Feel-Good 60s,167
Reggae Classics,108
Urban Beats,753