user_type,username,email
normal,pgierth0,lfolker0@networkadvertising.org
normal,fcostall1,fgorvette1@army.mil
normal,khugett2,jhansen2@hud.gov
normal,peacott3,nchapiro3@xing.com
normal,ssarle4,atenpenny4@flickr.com
normal,tmassen5,gfeldheim5@cdbaby.com
normal,rkingstne6,neffemy6@utexas.edu
normal,mcronshaw7,astreather7@ehow.com
normal,tstorres8,gbabinski8@google.com.hk
band,jvlasyev9,pnuth9@google.co.uk
normal,ksimchenkoa,gwenbana@goodreads.com
normal,fshortob,bbrannonb@nbcnews.com
normal,whassellc,abarmec@auda.org.au
normal,dsaddingtond,gcanterad@baidu.com
normal,nllewhelline,roshevline@imdb.com
normal,okensittf,bambrosinif@cyberchimps.com
normal,fallwoodg,eloadeg@cbc.ca
normal,rscrivinorh,pbarefooth@ycombinator.com
normal,sennsi,dcounteri@last.fm
normal,hfleisj,zbernlinj@freewebs.com
normal,dtschiersek,dcockshotk@telegraph.co.uk
host,psavinsl,djamotl@noaa.gov
normal,wfinniganm,jhamertonm@ibm.com
normal,monionn,hogglebien@wikispaces.com
normal,btommaseoo,lwegnero@geocities.jp
normal,mchessellp,rdelacotep@mapquest.com
normal,lcollifordq,rpaffordq@aboutads.info
band,bgrestier,awawerr@surveymonkey.com
band,pfredsons,achristophes@imdb.com
normal,mbaudonet,shartfieldt@google.co.jp
normal,evaanu,ceveleighu@bloomberg.com
normal,glawtiev,cbazochev@accuweather.com
band,swindw,gdolemanw@facebook.com
normal,ranthonyx,nadawayx@example.com
band,gbengery,sgrayshany@twitter.com
band,mbradlyz,glapreez@cdbaby.com
band,cebbage10,steese10@ustream.tv
normal,gmacellar11,bblakebrough11@webnode.com
host,cgilding12,sbruyett12@eventbrite.com
normal,kpalombi13,ehasney13@smugmug.com
host,spidgley14,lluxmoore14@walmart.com
normal,mrickaert15,nmowson15@sun.com
normal,ekrauss16,bpadrick16@un.org
normal,jdayborne17,pahrend17@unicef.org
normal,gjennick18,bcrowder18@icq.com
normal,icoda19,bdrews19@mozilla.com
normal,cdhillon1a,cbrimelow1a@bandcamp.com
normal,lhenstridge1b,hkundert1b@uol.com.br
normal,pbengtsen1c,jbum1c@goo.gl
host,btrewartha1d,jburr1d@ihg.com
normal,nyakobowitz1e,ljewer1e@miitbeian.gov.cn
normal,kduffield1f,cseward1f@privacy.gov.au
normal,cswalwell1g,rmacaskill1g@cafepress.com
normal,abrogden1h,cmaffioletti1h@i2i.jp
normal,bforrestor1i,croser1i@163.com
host,wbarendtsen1j,cludye1j@sina.com.cn
normal,whargreave1k,istrete1k@techcrunch.com
normal,crennocks1l,treubel1l@slideshare.net
normal,hkarim1m,eaveyard1m@goo.gl
normal,darchdeacon1n,lgirardey1n@guardian.co.uk
normal,tbarneville1o,iduckels1o@nifty.com
normal,mkimberly1p,lbalducci1p@sciencedirect.com
host,eherrema1q,kolin1q@aol.com
host,rlevey1r,erobion1r@theatlantic.com
normal,itregiddo1s,dferia1s@imageshack.us
band,rtuftin1t,alandis1t@360.cn
normal,teborall1u,mkisbee1u@google.com
normal,btownson1v,anewlands1v@newsvine.com
normal,kdevorill1w,rkuhnhardt1w@over-blog.com
normal,dmulligan1x,arouse1x@about.me
band,fleacock1y,lsalzberg1y@nps.gov
host,akubicka1z,iborrell1z@ask.com
normal,adyet20,ejohannes20@soundcloud.com
normal,glogue21,nvanderbeken21@wordpress.org
normal,jtaverner22,jrichfield22@dot.gov
normal,jcullrford23,dimpey23@uiuc.edu
normal,mmylchreest24,hlade24@webs.com
normal,bgutherson25,jtolemache25@linkedin.com
normal,agoodrum26,imatieu26@discuz.net
normal,deaken27,adubs27@gmpg.org
host,stole28,cthyer28@mtv.com
normal,srowesby29,lwoolsey29@51.la
normal,mabraham2a,awollers2a@drupal.org
normal,pgreenless2b,zgunthorpe2b@bloglines.com
normal,tbraams2c,gcaistor2c@example.com
normal,amaseyk2d,scominetti2d@amazon.co.uk
normal,bpitchers2e,okirkbride2e@amazon.de
band,gflintoff2f,meland2f@clickbank.net
normal,lkeeley2g,pbenini2g@istockphoto.com
normal,gdomenici2h,gkellog2h@spiegel.de
normal,emarczyk2i,whundall2i@yelp.com
normal,lpenfold2j,aklosa2j@livejournal.com
normal,jpoller2k,bskelbeck2k@topsy.com
band,rsprott2l,aseath2l@etsy.com
normal,cmallinar2m,cmilnthorpe2m@slideshare.net
host,dfaulder2n,rmease2n@soundcloud.com
normal,aflatt2o,yronchetti2o@newyorker.com
normal,mpriestland2p,aclinning2p@auda.org.au
normal,gfautly2q,fhulcoop2q@shutterfly.com
normal,dreckhouse2r,dlight2r@yale.edu
host,pkubin2s,dmenendes2s@tuttocitta.it
normal,mfortye2t,fbollins2t@wikispaces.com
normal,shutson2u,acuddehay2u@imageshack.us
normal,ttubbs2v,abencher2v@wikia.com
normal,jkeunemann2w,cmewes2w@cnbc.com
normal,vorhtmann2x,jkarpe2x@bluehost.com
normal,cmillbank2y,lpreece2y@bandcamp.com
normal,rneissen2z,breddlesden2z@blogtalkradio.com
normal,ahatch30,hwyman30@cmu.edu
normal,fstovine31,lbeslier31@ted.com
normal,vkilbourn32,sgabby32@hhs.gov
host,divanyutin33,cbenneton33@tmall.com
band,hpurkins34,kwimbridge34@bing.com
normal,aoshiel35,awysome35@usatoday.com
normal,rmcquirk36,jpietrzak36@usa.gov
normal,fjansey37,jmaberley37@ifeng.com
normal,gmahony38,thurler38@networkadvertising.org
normal,nmcgowan39,rrawcliffe39@thetimes.co.uk
host,jbaine3a,gmurty3a@histats.com
normal,apetrello3b,egadesby3b@sbwire.com
normal,bshackesby3c,lwestmore3c@ihg.com
normal,cmellows3d,asimmers3d@sogou.com
normal,ppollock3e,rstegers3e@xing.com
normal,isnedker3f,klawtey3f@cbsnews.com
normal,fszanto3g,bgiovanetti3g@arizona.edu
normal,kstutard3h,jalbin3h@t-online.de
host,ekarolewski3i,kcourtonne3i@ebay.com
normal,uwestcarr3j,dpoxton3j@simplemachines.org
normal,cglasspool3k,cscoyne3k@ycombinator.com
host,cassiratti3l,sgreber3l@cpanel.net
normal,lgiven3m,jcallington3m@bloglines.com
host,nmatveiko3n,mgolson3n@narod.ru
host,dbartak3o,ffawckner3o@oaic.gov.au
normal,hribbens3p,khuzzey3p@unicef.org
normal,gstrowthers3q,bfabri3q@time.com
band,tvoller3r,ftomkinson3r@fotki.com
normal,jtilbey3s,whasson3s@noaa.gov
normal,jhearley3t,mquarles3t@wp.com
normal,rpowney3u,smclewd3u@harvard.edu
band,dcosty3v,npresswell3v@last.fm
normal,dgraith3w,uarthey3w@ycombinator.com
normal,gtudgay3x,aartindale3x@theglobeandmail.com
host,ychicco3y,aprazor3y@flavors.me
normal,mhucklesby3z,mlosano3z@statcounter.com
host,hjessope40,csantacrole40@bloglines.com
normal,pdumbreck41,mgutcher41@upenn.edu
host,skinglesyd42,ksussams42@myspace.com
normal,rpuddefoot43,isowersby43@odnoklassniki.ru
normal,kbartolommeo44,zzorzetti44@moonfruit.com
host,jdurran45,aflecknoe45@bravesites.com
band,nmurby46,fcallis46@about.me
normal,acorwin47,brobilart47@springer.com
normal,tlancastle48,tbrudenell48@i2i.jp
host,mlewsie49,evedeneev49@ifeng.com
normal,llampbrecht4a,bmatzkaitis4a@histats.com
band,mmccahey4b,kreyner4b@about.me
normal,jrowbottam4c,jmacieja4c@t-online.de
normal,bsworne4d,mdash4d@cdc.gov
normal,cskone4e,ymedlin4e@ucla.edu
normal,arowell4f,dgiffard4f@yolasite.com
host,ndeards4g,cpossek4g@un.org
normal,dwoodbridge4h,mhyndes4h@ted.com
normal,dmathieson4i,mwaterson4i@ezinearticles.com
band,aasquez4j,rnutt4j@ucsd.edu
normal,bgrocock4k,dwindrus4k@delicious.com
band,cyapp4l,rwestfrimley4l@acquirethisname.com
normal,adaniells4m,dpotten4m@yale.edu
normal,erivitt4n,tcorre4n@va.gov
normal,mmaciejewski4o,amaccook4o@china.com.cn
normal,fdrivers4p,pdeely4p@joomla.org
normal,tguillard4q,ltorn4q@abc.net.au
normal,istocker4r,ttreweke4r@yelp.com
normal,gboutellier4s,esimnell4s@oaic.gov.au
normal,krendall4t,cmenelaws4t@fc2.com
normal,lvel4u,bgurry4u@usda.gov
normal,jclac4v,ycage4v@yellowpages.com
normal,lisaaksohn4w,lganter4w@vimeo.com
normal,fmeriot4x,cmccudden4x@google.com.au
normal,ewimbush4y,cboxen4y@wufoo.com
normal,dtorbard4z,mfrowing4z@sohu.com
band,fcordery50,dwrathall50@t.co
normal,liorizzo51,mgoldman51@imdb.com
normal,ckestian52,rhinkley52@state.gov
normal,dmcguffie53,cmuscroft53@cargocollective.com
normal,ytregidga54,lscrane54@oaic.gov.au
normal,bograda55,thovel55@hibu.com
normal,fmaccall56,dmaneylaws56@behance.net
normal,ewreiford57,lcotty57@weebly.com
normal,bwalsham58,rgunter58@rediff.com
normal,hbonnier59,vshutle59@ustream.tv
normal,iwilcinskis5a,dlinbohm5a@forbes.com
normal,mzavattari5b,bhenke5b@engadget.com
normal,hlambol5c,cpeak5c@bluehost.com
normal,crucklidge5d,hkillingbeck5d@hexun.com
normal,achagg5e,gstarten5e@pinterest.com
normal,swye5f,powtram5f@wired.com
normal,bomahoney5g,pjolin5g@xinhuanet.com
normal,rmatteau5h,mchipperfield5h@multiply.com
normal,jspawell5i,spieters5i@wikipedia.org
normal,kgabbatiss5j,lweond5j@domainmarket.com
host,swealleans5k,fromaint5k@behance.net
normal,dcallum5l,shawkings5l@g.co
normal,tcowden5m,rvegas5m@sun.com
normal,iedgcumbe5n,smcquillen5n@wikispaces.com
normal,tbygrave5o,hsprull5o@tripod.com
band,bbilovus5p,elenaghen5p@clickbank.net
band,eneylon5q,ldupree5q@yahoo.co.jp
normal,epenwright5r,sdwyer5r@twitpic.com
normal,abrydie5s,dscamaden5s@lycos.com
normal,ghursey5t,iinglese5t@imgur.com
normal,bbenettini5u,mmiliffe5u@altervista.org
normal,hjosephson5v,hferrillio5v@quantcast.com
normal,msimmers5w,lfiddiman5w@webmd.com
normal,bwallwood5x,skitson5x@live.com
normal,nninotti5y,klandon5y@va.gov
normal,smead5z,rguiton5z@state.gov
normal,fwheildon60,ppenner60@unc.edu
host,bkirman61,bkeggin61@fda.gov
normal,gmelrose62,blodemann62@wp.com
normal,bkershaw63,mmulvihill63@themeforest.net
normal,kwarburton64,lscroggs64@infoseek.co.jp
normal,cmcgauhy65,newens65@alexa.com
normal,mwinthrop66,wdubock66@woothemes.com
normal,rmeldrum67,nskett67@dell.com
normal,dtynan68,psmales68@tmall.com
normal,mbradford69,gcopsey69@mlb.com
normal,pagate6a,cmeadley6a@tinyurl.com
normal,jmacey6b,ceasbie6b@timesonline.co.uk
normal,ppondjones6c,jchetter6c@ed.gov
normal,pedinboro6d,ncressingham6d@kickstarter.com
normal,fgentreau6e,crobken6e@uol.com.br
normal,lbleddon6f,cmazella6f@icq.com
normal,dstode6g,jprickett6g@dagondesign.com
band,jphilippou6h,cbaszkiewicz6h@yahoo.co.jp
normal,ughidelli6i,dspuffard6i@over-blog.com
normal,jwalak6j,dburnell6j@umich.edu
normal,erockhall6k,fbarzen6k@51.la
band,ecappleman6l,aroskruge6l@phpbb.com
normal,broostan6m,pbattersby6m@mtv.com
normal,nwordsworth6n,ashreeve6n@hp.com
normal,cdanes6o,bwiggall6o@adobe.com
normal,iduddy6p,daxelbey6p@sakura.ne.jp
band,cdomokos6q,mstoker6q@prweb.com
normal,hdumigan6r,kegerton6r@nasa.gov
normal,rpala6s,phember6s@ustream.tv
normal,mfourmy6t,togdahl6t@ihg.com
normal,emaidment6u,bgibbins6u@answers.com
normal,jjollye6v,mjensen6v@wp.com
band,bpurdie6w,diltchev6w@admin.ch
normal,hmuro6x,ddivver6x@vistaprint.com
host,fdigweed6y,ewinks6y@oakley.com
normal,hrohloff6z,eflecknell6z@simplemachines.org
normal,merrichelli70,awrankmore70@lycos.com
normal,cellit71,mnyland71@jugem.jp
normal,htreadgear72,candreucci72@omniture.com
normal,byelding73,fhyndson73@dailymail.co.uk
normal,mpurkis74,eneve74@addthis.com
normal,cbestwall75,bschaffler75@mail.ru
normal,rflorez76,malloway76@networkadvertising.org
normal,sleys77,kdawton77@cam.ac.uk
normal,gsteptowe78,cpruce78@artisteer.com
normal,ssawer79,vbedder79@comsenz.com
normal,mnardoni7a,mmedlen7a@exblog.jp
normal,cmartinec7b,bradloff7b@google.com
normal,atwomey7c,brosenstock7c@nature.com
normal,hmathevon7d,ddarwent7d@google.co.uk
normal,haddionisio7e,cagronski7e@abc.net.au
normal,fwrintmore7f,wnaulty7f@addtoany.com
normal,gkerswell7g,drourke7g@fastcompany.com
normal,elarive7h,amcgeoch7h@spotify.com
host,byoakley7i,bbirley7i@sbwire.com
host,rgierek7j,cknowles7j@usa.gov
normal,rbriance7k,jpinchback7k@about.com
normal,bmateo7l,cwither7l@tripadvisor.com
normal,blowthian7m,jnulty7m@mac.com
normal,akiessel7n,mandrysek7n@arizona.edu
host,tkeddie7o,aneising7o@google.nl
normal,ccroughan7p,aduffield7p@sohu.com
normal,jnarramor7q,riddens7q@examiner.com
normal,jhugin7r,scleeves7r@tinypic.com
normal,mchetham7s,slambrecht7s@creativecommons.org
host,aboulter7t,drixon7t@dailymotion.com
normal,ajellett7u,hswadden7u@tripadvisor.com
normal,ebuddleigh7v,cdreakin7v@last.fm
normal,msawyers7w,rstolle7w@wsj.com
band,jlozano7x,rdowdeswell7x@xrea.com
normal,soliver7y,mmoulder7y@constantcontact.com
normal,agalliard7z,tsaines7z@ycombinator.com
normal,bkilfether80,edungate80@mediafire.com
normal,pcaldicott81,kmettrick81@msu.edu
normal,dsprouls82,hpunyer82@google.com.hk
host,lgarretts83,hturnell83@acquirethisname.com
band,teslie84,amackessock84@so-net.ne.jp
normal,sbeetham85,alambie85@psu.edu
normal,ebretelle86,emoring86@devhub.com
normal,alarwell87,hficken87@va.gov
normal,gharmon88,knussey88@businessweek.com
normal,lpietrasik89,cplumley89@adobe.com
band,rhedde8a,mzorener8a@godaddy.com
normal,sbrookes8b,mciardo8b@redcross.org
normal,smartinie8c,jishaki8c@discuz.net
normal,rduchesne8d,npereira8d@flavors.me
normal,starpey8e,bschottli8e@java.com
band,lniezen8f,kgarnul8f@yellowbook.com
normal,gstoltz8g,nshopcott8g@issuu.com
band,mdemichele8h,lhellin8h@qq.com
normal,pmercy8i,gwoodus8i@howstuffworks.com
band,scotterill8j,iadamec8j@hugedomains.com
host,jrome8k,civasyushkin8k@ftc.gov
normal,bglas8l,gbilovsky8l@live.com
normal,ngerritzen8m,brogliero8m@netlog.com
normal,rizatt8n,rmasarrat8n@unicef.org
normal,btissier8o,dnicholls8o@symantec.com
normal,nchillistone8p,dkille8p@unc.edu
normal,zclaypool8q,vpensom8q@last.fm
normal,cbrunke8r,lmasedon8r@redcross.org
normal,aconrart8s,cbattams8s@sphinn.com
normal,gpinor8t,vgatley8t@washingtonpost.com
normal,ksykes8u,mpaley8u@issuu.com
normal,mselliman8v,amityukov8v@imgur.com
normal,ghosburn8w,bbittleson8w@mysql.com
normal,wsigfrid8x,zwrates8x@issuu.com
host,dicke8y,nellery8y@cdc.gov
band,ethams8z,jblaney8z@fastcompany.com
normal,astradling90,lferrandez90@xrea.com
normal,ckerbler91,bgerretsen91@google.com.hk
normal,htrevenu92,edumini92@ox.ac.uk
normal,rmailes93,dnapolitano93@123-reg.co.uk
normal,lpyke94,cfoulgham94@friendfeed.com
normal,jpretor95,bwardrop95@arizona.edu
normal,xbittany96,wmacdaid96@nyu.edu
host,rmatas97,mmacdunlevy97@google.fr
normal,gotto98,opowderham98@reddit.com
normal,llitherland99,jsilverthorn99@rakuten.co.jp
normal,kshacklady9a,candreaccio9a@example.com
normal,asposito9b,clake9b@merriam-webster.com
normal,krope9c,mkuhl9c@issuu.com
normal,owendover9d,seivers9d@cisco.com
normal,dmargiotta9e,kdrillingcourt9e@cloudflare.com
normal,tbremeyer9f,wbartlet9f@ucla.edu
normal,doliddy9g,dwilkie9g@prweb.com
band,charcase9h,fsturton9h@miitbeian.gov.cn
band,croselli9i,dcreamen9i@aol.com
normal,ggilfoy9j,stolworth9j@woothemes.com
normal,iwightman9k,mvonderdell9k@xrea.com
normal,rpetkovic9l,ksymmers9l@prlog.org
normal,bskuse9m,gfiggess9m@netlog.com
normal,ctappor9n,lclaeskens9n@com.com
normal,fhurch9o,mpargeter9o@cdbaby.com
host,alantuffe9p,hdelieu9p@tripadvisor.com
normal,ascrigmour9q,mboots9q@google.pl
host,gpescott9r,educkham9r@desdev.cn
band,broxburch9s,nstoak9s@cnbc.com
normal,syeowell9t,gtureville9t@com.com
normal,wjedrzej9u,dpleavin9u@bluehost.com
normal,jfeatherstonhalgh9v,kdaborn9v@bizjournals.com
normal,dwoodrup9w,jockland9w@rambler.ru
normal,lmissen9x,vbygreaves9x@un.org
normal,mstallon9y,edongall9y@engadget.com
normal,bofford9z,rjoao9z@theatlantic.com
normal,gnuttalla0,tmarquissa0@comcast.net
host,sdarka1,ldecavillea1@linkedin.com
normal,ssissa2,sfynana2@liveinternet.ru
normal,casqueza3,llichtfotha3@typepad.com
normal,dkeetsa4,rfilippia4@noaa.gov
host,dcomoa5,pbuggsa5@alexa.com
normal,lblamphina6,bmilmoea6@drupal.org
normal,natchesona7,tgrimma7@sciencedirect.com
normal,ecostellowa8,hgagera8@icio.us
host,ddallimarea9,iverlindea9@theglobeandmail.com
normal,jpervewaa,kheineckeaa@yelp.com
normal,dcammisab,astelliab@imgur.com
normal,tmcelmurrayac,rtortoiseac@china.com.cn
normal,tgarahanad,dlandrieuad@senate.gov
normal,cfairecloughae,lmoricanae@engadget.com
host,kbuscombeaf,dackenheadaf@pcworld.com
normal,jdawtreyag,cverlindenag@narod.ru
normal,naxlebyah,dbeelbyah@shop-pro.jp
normal,hbirthai,fboughenai@sfgate.com
normal,glerwellaj,rmonroaj@squarespace.com
normal,jjamaryak,mbraniganak@ft.com
normal,freingeral,lvickarmanal@marketwatch.com
normal,ioxbyam,hdoddam@free.fr
band,gpeggsan,koverthrowan@github.com
normal,krockao,rhulkao@shutterfly.com
normal,hiacabucciap,cstoteap@examiner.com
host,ibansalaq,vsimsaq@blog.com
band,aletticear,bnevinar@ucoz.com
normal,twhickmanas,kaleksankovas@gmpg.org
normal,abaillesat,gvreedeat@desdev.cn
normal,acornbellau,hasplandau@psu.edu
normal,yperezav,fberesforeav@usatoday.com
host,msennettaw,mbaszkiewiczaw@sciencedirect.com
host,lharrapax,nfressonax@tripod.com
normal,ncolatonay,acobbledickay@ycombinator.com
normal,astaterfieldaz,qmckennanaz@jugem.jp
normal,vduthyb0,oaroninb0@a8.net
normal,jblundonb1,lsambidgeb1@blogs.com
normal,chessenthalerb2,nloteb2@is.gd
band,slittefairb3,gfeltenb3@yale.edu
normal,fbatisteb4,dtartb4@forbes.com
normal,gvillaltab5,chaskettb5@clickbank.net
normal,smolleneb6,mwedgbrowb6@de.vu
normal,akeasyb7,rreefb7@com.com
normal,mogormallyb8,rgrisdaleb8@liveinternet.ru
normal,tpurvesb9,schavrinb9@facebook.com
normal,krathmellba,msemberba@meetup.com
normal,uboostbb,emarconebb@spiegel.de
host,robeybc,rjaysbc@newsvine.com
normal,twakeleybd,cthainebd@netscape.com
normal,vscannellbe,zlocockbe@yandex.ru
normal,mbattbf,sgartshorebf@noaa.gov
normal,edurdybg,dgurerybg@is.gd
normal,mhardiebh,nwarnbh@gravatar.com
normal,tnelliganbi,cadolfbi@baidu.com
normal,locriganebj,ohampshawbj@toplist.cz
host,dschermickbk,gacorybk@ustream.tv
normal,vgarfootbl,lballsdonbl@eepurl.com
normal,kphettisbm,pflettbm@nifty.com
normal,cbaudichonbn,thaynesbn@twitpic.com
normal,abierbo,gberminghambo@yolasite.com
normal,gduhamelbp,mcanonbp@time.com
normal,sstillybq,jstearnsbq@opera.com
normal,aayrisbr,mlangrickbr@cpanel.net
normal,tabbisbs,acapesbs@google.pl
normal,ltrevettbt,vfranksbt@feedburner.com
host,mrigardbu,aharnettbu@ustream.tv
host,amathysbv,jrileybv@t-online.de
normal,bdallonbw,dbiddybw@scientificamerican.com
host,fpardybx,spfaffbx@aol.com
normal,nzaniolettiby,dgoodhewby@wisc.edu
host,lpetytbz,vbedinbz@fda.gov
normal,akemc0,lloaderc0@edublogs.org
normal,aduerc1,rschoalesc1@yolasite.com
normal,ehaddenc2,espitellc2@prweb.com
normal,bcastanaresc3,ekamenc3@dropbox.com
normal,ceddingtonc4,nmcawc4@fema.gov
normal,dwashc5,kolivierc5@columbia.edu
normal,htremethackc6,rmacgloryc6@aboutads.info
host,rwybournec7,bscamblerc7@delicious.com
normal,ssutcliffc8,mnormandalec8@globo.com
normal,vmineghellic9,lgrimstonc9@gravatar.com
normal,tshadboltca,fbrearca@arizona.edu
normal,bkenercb,acodcb@oaic.gov.au
normal,jguynemercc,ntenmancc@hhs.gov
normal,jmarquezcd,sheatoncd@yandex.ru
normal,afellowsce,vmcvityce@unicef.org
normal,trobertaccicf,zallamcf@hhs.gov
normal,zpaddickcg,sfarryancg@so-net.ne.jp
normal,epringerch,mmincherch@livejournal.com
normal,glanegranci,elereci@bbb.org
normal,obrayleycj,dwillowaycj@china.com.cn
normal,lstrickettck,dsoutterck@clickbank.net
normal,credfernecl,bcozbycl@comsenz.com
normal,dbrundalecm,vkinnettcm@goodreads.com
normal,cvintercn,eburnellcn@usgs.gov
normal,jbroomeco,adraycottco@hugedomains.com
host,sbykcp,akomorowskicp@tmall.com
normal,stavernorcq,ccombescq@geocities.jp
normal,ggiacubocr,bdoigecr@slashdot.org
normal,kcockertoncs,pspracklincs@booking.com
normal,yschutterct,nkleinsteinct@surveymonkey.com
normal,drevillecu,bwoodardcu@quantcast.com
normal,tgoselingcv,nbreznoviccv@cbsnews.com
normal,jandratcw,vpairemancw@yellowpages.com
normal,heptoncx,ashurlockcx@ca.gov
normal,rabreycy,tcoselycy@tinypic.com
normal,ccherrycz,nwhykecz@mediafire.com
normal,fboydelld0,kmaccostigand0@amazon.de
normal,rleered1,dthreadgoldd1@twitter.com
normal,dtryd2,jcloverd2@fema.gov
normal,stownesd3,cstollerd3@biblegateway.com
band,alatheyd4,ccleavesd4@biglobe.ne.jp
host,djurad5,jeastburyd5@bigcartel.com
normal,rliveingd6,gfleggd6@joomla.org
normal,lbrezlawd7,bmoyned7@oaic.gov.au
normal,jbulliventd8,mluppittd8@yahoo.co.jp
normal,lsummersided9,cpallyd9@loc.gov
band,kwinsorda,prytonda@blogs.com
normal,rdunseithdb,rgibkedb@mac.com
normal,kdwellydc,dsimisterdc@studiopress.com
normal,ckippaxdd,srolydd@csmonitor.com
band,mgallehawkde,rdealmeidade@nhs.uk
band,fdunseathdf,daingerdf@statcounter.com
normal,mgreeddg,amehaffeydg@mediafire.com
normal,scornbelldh,gharmourdh@usgs.gov
normal,eovanesiandi,scastledinedi@amazonaws.com
normal,acammidgedj,kcarlyondj@wufoo.com
band,wwestripdk,bsalwaydk@blogtalkradio.com
normal,mbenettolodl,mdanterdl@elegantthemes.com
host,dhardwelldm,dgreenroyddm@sun.com
normal,bdellardn,mhabershondn@scientificamerican.com
host,vsuterdo,tkeenleysidedo@smugmug.com
normal,jbunnerdp,eburtwelldp@mac.com
normal,splankdq,wbeamsdq@blinklist.com
band,dmayerdr,dgreenshielsdr@nymag.com
normal,malburyds,athysds@cargocollective.com
normal,gstillmandt,acommindt@cnbc.com
normal,cmccloughlindu,dinglissdu@over-blog.com
band,cwillowsdv,elilleymandv@harvard.edu
host,gstorresdw,mbunkledw@cpanel.net
host,slebarreedx,mcapaldidx@bloglovin.com
normal,cguisedy,jvanderkruisdy@businessweek.com
normal,jocheltreedz,msainsburybrowndz@bbc.co.uk
normal,klettye0,rladloee0@webnode.com
normal,wkosee1,jbeneye1@ning.com
normal,biacobassie2,acowperthwaitee2@altervista.org
band,sgwythere3,jgrattone3@mozilla.org
normal,khollindalee4,obevense4@biblegateway.com
normal,dgergolete5,lmalatalante5@a8.net
normal,igervaisee6,gaubrune6@mayoclinic.com
normal,craspele7,jferbye7@eepurl.com
band,smolde8,igartane8@google.fr
normal,bsullande9,mtreadwaye9@macromedia.com
normal,iphateplaceea,ndefilippisea@symantec.com
normal,acullrfordeb,nlindmaneb@uiuc.edu
normal,kberzonec,agoodbanec@blogtalkradio.com
normal,bgreasered,kempringhamed@myspace.com
normal,lchellenhamee,sskulletee@mac.com
normal,dredmainef,bwehdenef@dmoz.org
normal,mboundyeg,mstonnelleg@who.int
normal,hwhitleyeh,iweekeeh@bing.com
normal,dchrispinei,mmatticciei@webs.com
normal,miltchevej,mbennieej@nsw.gov.au
normal,bdibiasioek,hfergieek@opera.com
normal,cbalassael,odecullipel@stumbleupon.com
normal,wdemicoliem,lskillicornem@freewebs.com
normal,rbackhouseen,sspatarien@linkedin.com
normal,lpigdeneo,bsmithseo@bizjournals.com
normal,mchessilep,lmanginep@wufoo.com
normal,mlakereq,joxenhameq@geocities.com
normal,csackeser,chairesnapeer@sakura.ne.jp
normal,krosberges,lfurseyes@google.co.uk
band,abateret,bbrysonet@japanpost.jp
normal,dheggmaneu,chamfleeteu@imdb.com
normal,dgodinev,cedginev@phoca.cz
host,cwallheadew,kdowyerew@state.gov
normal,akerfootex,cverduinex@wordpress.org
normal,mpairpointey,pcoyteey@1und1.de
normal,dgrigorez,aperisez@t.co
host,jwhyattf0,rparadisef0@domainmarket.com
normal,acaselickf1,tmaturaf1@archive.org
normal,acarnalanf2,dmahodyf2@yolasite.com
normal,ofellneef3,crodingerf3@rakuten.co.jp
normal,fbissikerf4,gbullmanf4@ow.ly
normal,mcasburnf5,mfraneyf5@google.com.au
band,reddicottf6,dlillegardf6@sohu.com
host,bsherynef7,gedgesonf7@bloglovin.com
normal,pmitief8,aclinesf8@bluehost.com
normal,caleninf9,dheavysidef9@walmart.com
normal,bpinkstonefa,hchapellefa@ca.gov
normal,atrinkwonfb,eattersollfb@cpanel.net
normal,sgiovanninifc,tbrabbenfc@ameblo.jp
host,mburchessfd,cgollingfd@hud.gov
normal,wairdfe,mbrazfe@youtu.be
normal,aspackmanff,rweedonff@bloomberg.com
band,townsworthfg,mbreadmorefg@cafepress.com
normal,aspyvyefh,kburfittfh@foxnews.com
normal,wmallatrattfi,hbezleyfi@ebay.com
normal,dfaulknerfj,mburghallfj@geocities.com
normal,zwailesfk,gmagnayfk@nifty.com
normal,swalkleyfl,dchallesfl@sbwire.com
normal,ydurtnelfm,sgarkenfm@blogtalkradio.com
normal,cbalmerfn,agenikefn@reuters.com
normal,ltawsefo,gdemanchefo@spiegel.de
normal,hcoomberfp,wklessmannfp@addthis.com
normal,kmcgrawfq,surenfq@apple.com
normal,aghirardifr,rsimukovfr@globo.com
normal,eflipsenfs,mgonnetfs@ifeng.com
normal,ekibbeeft,bcreavenft@theglobeandmail.com
normal,fginofu,daldcornefu@gnu.org
band,jpinksfv,tespinhafv@mozilla.org
normal,svakhrushevfw,hwaggfw@examiner.com
normal,pwallenfx,amcalisterfx@deviantart.com
normal,rhastwellfy,rracefy@youtu.be
normal,dpatmanfz,mfoukxfz@uiuc.edu
normal,bstanwixg0,dmacfading0@google.cn
host,lgraverg1,mivanusyevg1@sina.com.cn
normal,weasumg2,tkensingtong2@linkedin.com
normal,bclandillong3,tdelvesg3@wix.com
normal,hshafeg4,bcarong4@mashable.com
normal,bellacombeg5,sjacobowitzg5@google.com.br
normal,bpardoeg6,hmertgeng6@drupal.org
normal,trollog7,gdorricottg7@cbc.ca
normal,alednorg8,mbattlesong8@utexas.edu
normal,bwantg9,jamortsg9@sakura.ne.jp
normal,asturzakerga,astolleryga@ucoz.ru
normal,kandryushingb,htruemangb@yelp.com
normal,crossgc,elesmondegc@naver.com
normal,pbernadongd,mhawtrygd@lycos.com
normal,hdalmonge,dhailge@who.int
normal,rgravesgf,jdirrgf@reddit.com
normal,clindmarkgg,alukianovichgg@t-online.de
normal,lsmithersgh,eleangh@blogspot.com
normal,rdonaghiegi,amenhamgi@csmonitor.com
normal,ajoutapaviciusgj,kkingdomgj@moonfruit.com
normal,wczajagk,mshirergk@paginegialle.it
normal,hviggarsgl,hambroschgl@clickbank.net
normal,bbeneteaugm,dsliddersgm@rambler.ru
normal,srishworthgn,bantyshevgn@nbcnews.com
band,mkingstongo,rbrunelgo@list-manage.com
band,ffoortgp,vlamygp@a8.net
normal,sforsbeygq,hpolglasegq@google.com
normal,gsannesgr,inordassgr@dell.com
normal,jhubbucksgs,relisgs@xrea.com
normal,prastrickgt,hbrettelgt@ibm.com
normal,abisikergu,kpopescugu@csmonitor.com
normal,afolkergv,bburdessgv@trellian.com
normal,keasemangw,cgrzegorczykgw@chronoengine.com
normal,bhusbandgx,acarrickgx@angelfire.com
band,jcoulmangy,dachrameevgy@wp.com
normal,knuddsgz,mebbettsgz@pen.io
normal,ocorradinoh0,kgeldarth0@e-recht24.de
host,mhuggillh1,fpursgloveh1@fotki.com
normal,estegelh2,mweavillh2@meetup.com
band,ctrevinoh3,sfineyh3@vinaora.com
band,nmartellh4,hempsh4@wikimedia.org
normal,kbrucknerh5,bwegenerh5@example.com
normal,ddowdah6,orobardeyh6@imdb.com
normal,ekasmanh7,ohaydonh7@virginia.edu
normal,egascoineh8,rdeneveh8@zimbio.com
normal,jealamh9,bhimsworthh9@bravesites.com
normal,ethalmannha,ldambrogiha@qq.com
normal,rbattehb,aacasterhb@china.com.cn
normal,kfursehc,nkensallhc@phpbb.com
normal,fabramowitzhd,wfatscherhd@soundcloud.com
host,greadetthe,tmenegohe@dedecms.com
normal,dbettinsonhf,wskitteralhf@harvard.edu
normal,nprattenhg,nwiskarhg@naver.com
normal,hhayerhh,afostonhh@noaa.gov
normal,rlamperthi,bnutkinhi@pinterest.com
band,bdufferhj,iebrallhj@google.co.uk
normal,hboutwellhk,cmclachlanhk@ucsd.edu
normal,carguehl,cclowneyhl@twitpic.com
normal,mgaulehm,skingslyhm@epa.gov
normal,cveivershn,fhuggonshn@boston.com
normal,dcristofoloho,grableyho@businesswire.com
normal,ahayworthhp,tfosterhp@blogtalkradio.com
normal,atonerhq,jnimmohq@furl.net
normal,gbellashr,esreenanhr@wordpress.org
host,bgarmanshs,hmadlehs@telegraph.co.uk
normal,hrheltonht,efairbrassht@cnet.com
normal,jbagnallhu,ojaniakhu@mlb.com
normal,bdechellehv,cboissierhv@imdb.com
normal,bmityushinhw,egoodsellhw@reddit.com
normal,ctarlinghx,tbrounsellhx@prweb.com
host,ggilderoyhy,mwillgresshy@sbwire.com
band,bmcmeekanhz,azohrerhz@aol.com
normal,bwolfendeni0,arubenovici0@tinyurl.com
normal,dkobai1,tdingsdalei1@wisc.edu
normal,styreri2,maitkeni2@pen.io
host,jedlestoni3,rheyburni3@epa.gov
host,afarfalameevi4,aiacovinii4@time.com
normal,cbrodyi5,sbenmorei5@stanford.edu
normal,hgiberdi6,cbiscombi6@privacy.gov.au
normal,whackingei7,sbooli7@imgur.com
normal,lattenboroughi8,fmarrei8@reddit.com
normal,moswicki9,peskriggei9@chron.com
band,spetrushkaia,hgaitskellia@bbc.co.uk
normal,cchretienib,sclotherib@nydailynews.com
normal,dindic,vlangdridgeic@umich.edu
normal,kmozzettiid,phuscroftid@house.gov
normal,rquinellie,jposnettie@comcast.net
normal,jbrandonif,gnijssenif@unicef.org
host,lleyborneig,fsaggig@cnbc.com
band,gjarroldih,jgelderdih@tamu.edu
normal,nsisleyii,gbarnewellii@reddit.com
band,mgeorghiouij,lreddyij@ted.com
normal,jthreshik,ntroyesik@creativecommons.org
normal,lphittiplaceil,sgreenhoweil@wordpress.com
normal,kandrioniim,lleggsim@mozilla.org
host,ewressellin,mstorerin@nydailynews.com
normal,dgittingio,dcaltonio@hhs.gov
normal,lmellodyip,mclinkip@lulu.com
normal,mferrettiiq,efassbindleriq@etsy.com
normal,vmorpethir,pkefordir@artisteer.com
normal,greinhartis,rvasilikis@mozilla.org
normal,htyghtit,aveltiit@phpbb.com
normal,gjoannidiiu,lbrasieriu@bloglovin.com
normal,cmunghamiv,medelmanniv@smugmug.com
normal,cmartyniw,dmeininkingiw@weather.com
normal,kfrangelloix,jstaggeix@eepurl.com
band,wrantouliy,dclaphamiy@weibo.com
normal,rcastiz,celtringhamiz@aol.com
normal,drozzellj0,ihoulridgej0@aboutads.info
normal,erignoldj1,chadwickj1@yolasite.com
normal,bdebiasij2,akelshawj2@icio.us
normal,bferneleyj3,gsalmanj3@usa.gov
normal,tjannj4,fcobbyj4@hp.com
normal,mlingwoodj5,lmcguiganj5@google.es
normal,vkearlej6,aschaferj6@lulu.com
band,cmatissoffj7,rshipseyj7@tmall.com
normal,adurantej8,yfargiej8@theguardian.com
host,egabalaj9,tquarlisj9@bloglovin.com
normal,gtodeoja,hsterndaleja@imageshack.us
normal,khastejb,emcmylorjb@indiatimes.com
host,ebanyardjc,njannaschjc@rediff.com
normal,cgledstanejd,sferonjd@360.cn
normal,awyrillje,tfessierje@godaddy.com
normal,raustinsjf,lletterickjf@tmall.com
normal,dbourthouloumejg,rfitterjg@lulu.com
host,edeblasiojh,vconnoldjh@google.ru
normal,qmurricanesji,rstuttardji@wikimedia.org
host,etarbertjj,sheberdenjj@mapy.cz
normal,cblumfieldjk,enanellijk@alexa.com
normal,lbatiejl,wcouchejl@pbs.org
host,mhurnelljm,kdarkottjm@washington.edu
normal,slandsboroughjn,abulliventjn@networkadvertising.org
host,gwitardjo,bswadlenjo@hud.gov
normal,cpinkneyjp,psneadjp@live.com
normal,croskrugjq,acorzonjq@ebay.co.uk
normal,vlaugierjr,srhymejr@umich.edu
host,kgraftonherbertjs,dburtwhistlejs@aol.com
normal,gmcinteejt,thabdenjt@clickbank.net
normal,akedieju,mmcalroyju@163.com
band,mvelezjv,tohmsjv@bbc.co.uk
normal,mdemejw,bmcnaejw@nhs.uk
band,gscandrickjx,rdunrigejx@springer.com
normal,shelgassjy,swatmoughjy@123-reg.co.uk
normal,amcgilbonjz,nsoitouxjz@narod.ru
normal,lelcombek0,dgiacomettik0@t.co
band,fjurgesk1,ilatchk1@princeton.edu
band,rjorek2,dfraschinik2@digg.com
normal,sporrettk3,rbeeckerk3@gizmodo.com
normal,mtaftk4,eoglassanek4@jiathis.com
normal,fcholonink5,clandyk5@virginia.edu
band,hantonk6,adinegesk6@xinhuanet.com
normal,bhischkek7,eposthillk7@bloglovin.com
normal,ccampk8,ngayforthk8@cpanel.net
normal,oingonk9,hgwatkink9@google.es
normal,ahawsonka,kkincaidka@unblog.fr
normal,rmaccleodkb,ppedrozzikb@purevolume.com
normal,gainscowkc,kpeirokc@cnn.com
normal,wblodgkd,scharterskd@sun.com
normal,wemmanuelke,dhardsonke@youku.com
normal,pgeeveskf,ewallworkkf@spotify.com
normal,lcrowcombekg,ctettherkg@berkeley.edu
normal,fpasticznykkh,tcribbottkh@ox.ac.uk
normal,ochevolleauki,hillesleyki@discuz.net
normal,nchopykj,cjollandkj@hubpages.com
normal,mberesfordkk,llawkk@apple.com
normal,sandragkl,snurseykl@toplist.cz
normal,ckymekm,scoleshillkm@is.gd
band,dlawrykn,ckingerbykn@hao123.com
normal,freeceko,ybucklanko@nationalgeographic.com
host,awashkp,smantonkp@smh.com.au
normal,psockellkq,sjanjickq@tinyurl.com
normal,vfliegkr,aorrisskr@home.pl
host,mmcauslandks,gmanktelowks@google.com.au
normal,bferrullikt,jkingswoldkt@unc.edu
normal,aviggarsku,rsemoninku@discuz.net
normal,iormrodkv,aholsteinkv@smugmug.com
band,mfavelakw,kspriggskw@salon.com
band,alaughnankx,ksilverskx@deliciousdays.com
host,leverleyky,nturpieky@howstuffworks.com
band,awitsonkz,jcarouskz@hugedomains.com
normal,atreanorl0,hgritlandl0@google.pl
normal,mhalfhidel1,ephysicl1@microsoft.com
normal,jgiorgil2,lgoldel2@hud.gov
normal,cattargel3,dchesmanl3@google.com.hk
normal,maldredl4,hhounsonl4@163.com
host,rlafeel5,glistonl5@example.com
normal,clidstonel6,cstansalll6@canalblog.com
band,pmaywoodl7,acourtonnel7@ustream.tv
normal,denticknapl8,lprowtingl8@uiuc.edu
band,fnewburnl9,hcastaniel9@taobao.com
host,aivonsla,iberila@tripadvisor.com
normal,gbaudouinlb,bgrundeylb@usatoday.com
normal,jholwelllc,clewinlc@furl.net
normal,echristonld,fgriegld@fc2.com
host,gtrouple,lcouchale@yahoo.com
normal,mmacbarronlf,efreebernelf@cargocollective.com
normal,awedderburnlg,spurcelllg@addthis.com
host,jcorradinilh,blampartlh@hud.gov
normal,tcashmanli,kriachli@cpanel.net
normal,ahazeldenelj,alayfieldlj@umich.edu
normal,rdundendalelk,escranedgelk@sohu.com
band,pannesliell,rkohrsenll@dailymotion.com
normal,apaasolm,eohearnlm@gmpg.org
normal,afaustinln,nleiversln@bbc.co.uk
host,dkemmishlo,kalanslo@e-recht24.de
band,lfideluslp,mhourihanlp@nytimes.com
normal,kpoxsonlq,pcasinolq@livejournal.com
normal,yarmelllr,ethurlbornlr@google.com.au
normal,smillamls,egandeyls@about.com
normal,jpaigelt,ufermoylt@howstuffworks.com
normal,bsnoddonlu,bhowleslu@alibaba.com
normal,hwillimontlv,dwhatmanlv@harvard.edu
normal,fgallihaulklw,knurseylw@omniture.com
normal,bberelx,afrainlx@vimeo.com
normal,mbannermanly,bshafely@google.com.au
normal,csorelz,rgrievesonlz@earthlink.net
normal,hmouncherm0,ejessenm0@artisteer.com
normal,jkeetchm1,vsumsionm1@nyu.edu
normal,woldroydm2,wmeenanm2@twitter.com
normal,mwaldramm3,sangrovem3@de.vu
band,druncimanm4,zvealm4@businessweek.com
band,dbrodleym5,mburrilm5@arizona.edu
normal,sfalshawm6,dquadriom6@ezinearticles.com
normal,bzarfaim7,tmenurem7@whitehouse.gov
normal,wwortm8,ebritziusm8@msu.edu
normal,egarwellm9,obatchelderm9@google.cn
band,dfowleyma,vlylesma@csmonitor.com
band,cmccomasmb,cmckombmb@cargocollective.com
normal,lgrigorimc,gcordiemc@trellian.com
normal,jhadgkissmd,smahaddiemd@cocolog-nifty.com
normal,clindeboomme,kwadelinme@marketwatch.com
normal,cgarriockmf,hcuttingsmf@constantcontact.com
normal,rheathornmg,csimanenkomg@photobucket.com
normal,lstockneymh,ntrewhellamh@independent.co.uk
normal,hivashinmi,fcorriemi@topsy.com
host,athomassetmj,droyanmj@about.com
band,kalderwickmk,jrubinsaftmk@hibu.com
band,dbeltznerml,mbutterickml@ow.ly
normal,lesterbrookmm,ireublemm@jugem.jp
normal,rdsouzamn,jcrepelmn@ow.ly
host,dhearonsmo,cgannmo@miibeian.gov.cn
normal,tsmithmp,mboullenmp@paypal.com
normal,hfranchionimq,bneevesmq@scientificamerican.com
normal,tgregolmr,lyoxenmr@instagram.com
normal,mollertonms,tmillbankms@google.es
normal,sschabenmt,mpilgermt@kickstarter.com
normal,rupstonemu,gtrahmelmu@comcast.net
normal,gfilchaginmv,swilseymv@nytimes.com
normal,grustichmw,srihosekmw@craigslist.org
normal,avignemx,tculkinmx@netscape.com
normal,dbreckellmy,isatterfittmy@google.ca
band,mmoralmz,fsmedmoormz@google.com.au
normal,tpendrickn0,swestpfeln0@1688.com
normal,rspillingn1,rfrancillon1@blogger.com
host,ebittlestonen2,cmuressn2@dagondesign.com
normal,gkitchinghamn3,cmacqueenn3@vk.com
normal,ccasirolin4,obentoten4@is.gd
normal,ebretellen5,jdandien5@oaic.gov.au
normal,mattrilln6,mceilliern6@github.io
normal,oextonn7,dcorradinin7@people.com.cn
normal,gstrongen8,lkarpinskin8@example.com
normal,nmastersonn9,scheversn9@rakuten.co.jp
normal,dklauberna,tomahoneyna@cam.ac.uk
normal,nbloomernb,apitkeathleynb@mapquest.com
band,mwillattnc,ssimnc@tuttocitta.it
normal,blaughnannd,titscovitznd@goodreads.com
band,rgingelne,wocklinne@ebay.co.uk
normal,ooakeshottnf,byouhillnf@engadget.com
normal,hdearthng,ssinkinng@yellowpages.com
host,ggallandrenh,gginnellynh@rambler.ru
normal,gskipseani,rjakawayni@redcross.org
normal,wkriernj,fmcgerraghtynj@foxnews.com
normal,nmagnernk,dtolernk@barnesandnoble.com
normal,hrawlinsonnl,sofieldnl@state.gov
normal,jclaynm,cmachansnm@google.it
normal,blefortnn,jjeffcoatenn@sina.com.cn
host,srubinekno,fdorsayno@w3.org
normal,tdelacotenp,apettersnp@acquirethisname.com
normal,atenbroeknq,egorenq@phoca.cz
normal,theikkinennr,bchurchernr@macromedia.com
normal,aamiesns,rcuttlens@yelp.com
band,bguidottint,ddezamorant@amazon.co.uk
host,ljankinnu,amcgerraghtynu@comcast.net
normal,tfugenv,akitchinernv@theglobeandmail.com
normal,bdraaismanw,arediersnw@comcast.net
band,vpittawaynx,gtrussenx@alibaba.com
normal,nilyinykhny,conionny@si.edu
normal,tvipannz,mslanenz@tamu.edu
host,dchasmoro0,nlottringtono0@va.gov
normal,fmurrhaupto1,zpetraccio1@wix.com
normal,espaldino2,swicksono2@cmu.edu
normal,isneddono3,ckirvello3@mozilla.com
normal,atolworthyo4,efienneso4@sfgate.com
normal,jjacklino5,dspaldingo5@deliciousdays.com
normal,vhardageo6,lkeatono6@unesco.org
normal,kkenninghamo7,psalergo7@naver.com
normal,bnapthineo8,aodhamso8@elegantthemes.com
normal,jkeenlaysideo9,lsambalso9@woothemes.com
normal,rbroadhurstoa,aheadingsoa@friendfeed.com
normal,tpenimanob,kjansensob@google.it
normal,gsteptooc,awardropoc@sohu.com
normal,bbrambleod,kyuryshevod@seattletimes.com
normal,cstrongeoe,paspalloe@craigslist.org
normal,pcloggof,kguinaneof@constantcontact.com
normal,cgilpillanog,hbowllerog@about.me
normal,kciottoioh,druppeleoh@about.com
normal,cmcinteeoi,lcaretteoi@people.com.cn
band,mquartlyoj,cgherardescioj@oaic.gov.au
normal,bkeenerok,adranfieldok@blogs.com
normal,rfalksol,dtorriol@ft.com
band,vpawlikom,jjertzom@phpbb.com
normal,edilrewon,hstanmanon@shinystat.com
band,smuckersieoo,neasterbrookoo@about.me
normal,lprobartop,kradbondop@fema.gov
normal,scluattoq,elabboq@gnu.org
normal,rkohnenor,kbanburyor@livejournal.com
band,bskonesos,vrichingsos@imageshack.us
normal,laujeanot,mcannonot@pagesperso-orange.fr
normal,cborrottou,ghindesou@chicagotribune.com
host,ulindbergov,hlockartov@alexa.com
normal,gantwisow,lcomptonow@sohu.com
host,bbardwellox,jmowlamox@rambler.ru
normal,hknibbsoy,apettipheroy@wp.com
host,tbrowelloz,sbohmanoz@jiathis.com
normal,hciccottinip0,jheasleyp0@typepad.com
band,tpendreyp1,djarnellp1@dell.com
normal,jteaseyp2,kkrolmanp2@hatena.ne.jp
normal,lalsoppp3,rfrankcombep3@wikia.com
normal,msagep4,vdevineyp4@who.int
normal,jpaalp5,kstairmandp5@sourceforge.net
normal,epowleyp6,bpaquetp6@ed.gov
band,mespadaterp7,sruberryp7@auda.org.au
normal,rcredlandp8,hfilintsevp8@youtu.be
band,ddavagep9,cdobkinp9@dell.com
normal,lgockepa,smurfordpa@addtoany.com
normal,dbrewoodpb,lugonipb@hatena.ne.jp
normal,iharriagnpc,jcusspc@ning.com
normal,agovinlockpd,gtalespd@indiatimes.com
normal,cwillertonpe,knattrasspe@com.com
normal,rwasmerpf,ecottinghampf@arizona.edu
normal,echottypg,dmaggillandreispg@imageshack.us
normal,acrumptonph,rlebosseph@bandcamp.com
normal,agellibrandpi,pbeumantpi@a8.net
normal,hhanckepj,troofpj@netscape.com
normal,couterbridgepk,psickertpk@cbsnews.com
normal,espurdlepl,msiddallpl@w3.org
normal,nchrishoppm,ocoursorpm@mail.ru
host,aurionpn,thillettpn@canalblog.com
normal,kskirvanepo,tlattospo@moonfruit.com
band,cjurnpp,mdougarypp@time.com
host,nbrickstockpq,gdorkinpq@tinypic.com
normal,efairbardpr,afydopr@php.net
host,smacvicarps,ghapgoodps@liveinternet.ru
normal,kwalshpt,ltidderpt@flavors.me
normal,dhucknallpu,gleggatepu@multiply.com
normal,mwhelanpv,asquibbspv@artisteer.com
normal,abaudreypw,dhartaspw@hubpages.com
normal,chaddenpx,ncaruthpx@godaddy.com
normal,rwormspy,aishakpy@ifeng.com
normal,rvonwelldunpz,tzannipz@engadget.com
host,dambergq0,smillicanq0@youku.com
normal,rslymanq1,wadamskyq1@adobe.com
normal,mlambdeanq2,kwellsmanq2@disqus.com
normal,dflandersq3,ngenckeq3@barnesandnoble.com
normal,tpalleskeq4,alowthianq4@blogs.com
band,jbenq5,eprestneyq5@google.com
normal,fasselq6,screelmanq6@usnews.com
normal,mguihenq7,jhefnerq7@macromedia.com
normal,ocathrallq8,sfooterq8@usnews.com
normal,cthomazetq9,ejeanq9@microsoft.com
normal,aswancottqa,khalburtonqa@bigcartel.com
normal,adagleasqb,emalpasqb@cocolog-nifty.com
normal,fcicconettiqc,ksumpterqc@mozilla.org
host,dlongdonqd,gluckeyqd@answers.com
normal,ltresvinaqe,cgaveltoneqe@marriott.com
normal,jpollicoteqf,bscholerqf@answers.com
normal,eyettonqg,choltumqg@house.gov
band,pknollesgreenqh,ggommeyqh@dion.ne.jp
normal,eohanlonqi,bczajaqi@ted.com
normal,cpierseqj,mbikkerqj@cloudflare.com
normal,lalstonqk,btaborreqk@naver.com
normal,squilkinql,alenzql@surveymonkey.com
normal,mgougeqm,skubczakqm@businesswire.com
normal,cinderwickqn,ewickershamqn@sciencedirect.com
normal,zghionqo,bandersenqo@phpbb.com
normal,fcornforthqp,nbollumqp@shop-pro.jp
normal,lfranzmanqq,arizziqq@webeden.co.uk
normal,dbockqr,elitherboroughqr@goo.ne.jp
normal,gjirakqs,tdallewaterqs@webs.com
normal,mraecroftqt,clenchenkoqt@last.fm
normal,xlombardqu,malvaroqu@mapy.cz
normal,jpinchenqv,mtomkinsonqv@usnews.com
normal,lbielfeldtqw,alabbeyqw@wikispaces.com
normal,aplowrightqx,ceffnertqx@booking.com
normal,cwadieqy,jcoateqy@rediff.com
normal,ogirardotqz,hmiddlewickqz@moonfruit.com
normal,cdeemingr0,lmulvinr0@ucoz.com
normal,ecastror1,kfranciottir1@sourceforge.net
host,mleyr2,vbaguleyr2@posterous.com
normal,dhannar3,hvannikovr3@constantcontact.com
normal,dalnerr4,wconnerr4@bbb.org
normal,cgallandersr5,grozzellr5@apple.com
normal,ssymonr6,mbuntainr6@forbes.com
band,ebrolechanr7,oblazer7@bizjournals.com
normal,brushtonr8,rsilversr8@ucsd.edu
host,asimmenr9,sdurtnallr9@netlog.com
band,khinksenra,loruddenra@latimes.com
host,mdinnagerb,fbarksrb@ocn.ne.jp
normal,eeliyahurc,ssmogurrc@census.gov
normal,ahughlinrd,holexard@indiatimes.com
normal,bmuxworthyre,htilburyre@blogger.com
normal,cgammonrf,enoldarf@rambler.ru
normal,awheeldonrg,ksciacovellirg@census.gov
normal,nbagshawerh,cwildsmithrh@unesco.org
normal,dhuggettri,acrawcourri@studiopress.com
normal,cjanoschekrj,mmcivorrj@sogou.com
normal,merwinrk,pmacgillreichrk@istockphoto.com
normal,wrossanderrl,lghelardonirl@about.com
normal,hpinkierm,mbousteadrm@lulu.com
normal,eminihanrn,dcoulthurstrn@usa.gov
normal,bexcellro,kgraserro@de.vu
normal,mhorderrp,echeakrp@wsj.com
host,jtowsrq,cpenroserq@freewebs.com
normal,bdracksfordrr,dallberryrr@ucoz.com
